:020000040800F2
:10000000005000203D430008DD3F0008E53F0008A8
:10001000ED3F0008F53F0008FD3F0008000000002C
:100020000000000000000000000000000540000883
:1000300011400008000000001D4000082940000891
:100040008543000885430008854300088543000870
:100050008543000885430008854300088543000860
:1000600085430008854300088543000835400008A3
:100070008543000885430008854300088543000840
:100080008543000885430008854300088543000830
:100090008543000885430008854300088543000820
:1000A000854300084940000885430008854300084F
:1000B00085430008854300085D400008854300082B
:1000C00085430008854300088543000885430008F0
:1000D00085430008854300088543000885430008E0
:1000E00085430008854300088543000800000000A0
:1000F0000000000000000000000000000000000000
:0C01000000000000000000005FF808F1A3
:1001100010B5054C237833B9044B13B10448AFF341
:1001200000800123237010BD980000200000000013
:100130008CB0000808B5034B1BB103490348AFF36B
:10014000008008BD000000009C0000208CB000086A
:1001500081F0004102E000BF83F0004330B54FEA78
:1001600041044FEA430594EA050F08BF90EA020FE5
:100170001FBF54EA000C55EA020C7FEA645C7FEA78
:10018000655C00F0E2804FEA5454D4EB5555B8BF9B
:100190006D420CDD2C4480EA020281EA030382EA0C
:1001A000000083EA010180EA020281EA0303362D9E
:1001B00088BF30BD11F0004F4FEA01314FF4801C71
:1001C0004CEA113102D0404261EB410113F0004F83
:1001D0004FEA03334CEA133302D0524263EB43033A
:1001E00094EA050F00F0A780A4F10104D5F1200ED8
:1001F0000DDB02FA0EFC22FA05F2801841F1000133
:1002000003FA0EF2801843FA05F359410EE0A5F106
:1002100020050EF1200E012A03FA0EFC28BF4CF037
:10022000020C43FA05F3C01851EBE37101F00045ED
:1002300007D54FF0000EDCF1000C7EEB00006EEBFA
:100240000101B1F5801F1BD3B1F5001F0CD3490884
:100250005FEA30004FEA3C0C04F101044FEA4452DB
:1002600012F5800F80F09A80BCF1004F08BF5FEA62
:10027000500C50F1000041EB045141EA050130BD42
:100280005FEA4C0C404141EB0101013C28BFB1F554
:10029000801FE9D291F0000F04BF01460020B1FA9F
:1002A00081F308BF2033A3F10B03B3F120020CDA72
:1002B0000C3208DD02F1140CC2F10C0201FA0CF050
:1002C00021FA02F10CE002F11402D8BFC2F1200CB5
:1002D00001FA02F120FA0CFCDCBF41EA0C0190406B
:1002E000E41AA2BF01EB0451294330BD6FEA0404B4
:1002F0001F3C1CDA0C340EDC04F11404C4F120029F
:1003000020FA04F001FA02F340EA030021FA04F3B0
:1003100045EA030130BDC4F10C04C4F1200220FA07
:1003200002F001FA04F340EA0300294630BD21FA45
:1003300004F0294630BD94F0000F83F4801306BF0B
:1003400081F480110134013D4EE77FEA645C18BFFF
:100350007FEA655C29D094EA050F08BF90EA020F96
:1003600005D054EA000C04BF1946104630BD91EA8E
:10037000030F1EBF0021002030BD5FEA545C05D191
:100380004000494128BF41F0004130BD14F58004D0
:100390003CBF01F5801130BD01F0004545F0FE4144
:1003A00041F470014FF0000030BD7FEA645C1ABF79
:1003B000194610467FEA655C1CBF0B46024650EAB0
:1003C000013406BF52EA033591EA030F41F40021DC
:1003D00030BD00BF90F0000F04BF0021704730B562
:1003E0004FF4806404F132044FF000054FF0000137
:1003F00050E700BF90F0000F04BF0021704730B5F8
:100400004FF4806404F1320410F0004548BF4042CC
:100410004FF000013EE700BF42004FEAE2014FEA21
:1004200031014FEA02701FBF12F07F4393F07F4FFC
:1004300081F06051704732F07F4208BF704793F0FF
:100440007F4F04BF41F40021704730B54FF4607412
:1004500001F0004521F000411CE700BF50EA010215
:1004600008BF704730B54FF000050AE050EA0102BE
:1004700008BF704730B511F0004502D5404261EB2E
:1004800041014FF4806404F132045FEA915C3FF46F
:10049000D8AE4FF003025FEADC0C18BF03325FEA0C
:1004A000DC0C18BF033202EBDC02C2F1200300FABD
:1004B00003FC20FA02F001FA03FE40EA0E0021FAE2
:1004C00002F11444BDE600BF70B54FF0FF0C4CF4D0
:1004D000E06C1CEA11541DBF1CEA135594EA0C0F82
:1004E00095EA0C0F00F0DEF82C4481EA030621EABD
:1004F0004C5123EA4C5350EA013518BF52EA0335F8
:1005000041F4801143F4801338D0A0FB02CE4FF0A9
:100510000005E1FB02E506F00042E0FB03E54FF0D9
:100520000006E1FB03569CF0000F18BF4EF0010ED1
:10053000A4F1FF04B6F5007F64F5407404D25FEACD
:100540004E0E6D4146EB060642EAC62141EA555180
:100550004FEAC52040EA5E504FEACE2EB4F1FD0CC2
:1005600088BFBCF5E06F1ED8BEF1004F08BF5FEA40
:10057000500E50F1000041EB045170BD06F00046F2
:1005800046EA010140EA020081EA0301B4EB5C049F
:10059000C2BFD4EB0C0541EA045170BD41F4801197
:1005A0004FF0000E013C00F3AB8014F1360FDEBFBC
:1005B000002001F0004170BDC4F10004203C35DA98
:1005C0000C341BDC04F11404C4F1200500FA05F31B
:1005D00020FA04F001FA05F240EA020001F00042BC
:1005E00021F0004110EBD37021FA04F642EB060132
:1005F0005EEA430E08BF20EAD37070BDC4F10C045C
:10060000C4F1200500FA04F320FA05F001FA04F21F
:1006100040EA020001F0004110EBD37041F100010B
:100620005EEA430E08BF20EAD37070BDC4F1200516
:1006300000FA05F24EEA020E20FA04F301FA05F27E
:1006400043EA020321FA04F001F0004121FA04F226
:1006500020EA020000EBD3705EEA430E08BF20EAF6
:10066000D37070BD94F0000F0FD101F00046400030
:1006700041EB010111F4801F08BF013CF7D041EAB2
:10068000060195F0000F18BF704703F000465200B6
:1006900043EB030313F4801F08BF013DF7D043EA87
:1006A0000603704794EA0C0F0CEA135518BF95EA3D
:1006B0000C0F0CD050EA410618BF52EA4306D1D1C4
:1006C00081EA030101F000414FF0000070BD50EAE3
:1006D000410606BF1046194652EA430619D094EA6D
:1006E0000C0F02D150EA013613D195EA0C0F05D157
:1006F00052EA03361CBF104619460AD181EA0301AB
:1007000001F0004141F0FE4141F470014FF0000062
:1007100070BD41F0FE4141F4780170BD70B54FF0FD
:10072000FF0C4CF4E06C1CEA11541DBF1CEA13557D
:1007300094EA0C0F95EA0C0F00F0A7F8A4EB05045F
:1007400081EA030E52EA03354FEA013100F0888056
:100750004FEA03334FF0805545EA131343EA12631F
:100760004FEA022245EA111545EA10654FEA0026D4
:100770000EF000419D4208BF964244F1FD0404F58D
:10078000407402D25B084FEA3202B61A65EB0305E9
:100790005B084FEA32024FF480104FF4002CB6EBA6
:1007A000020E75EB030E22BFB61A754640EA0C0026
:1007B0005B084FEA3202B6EB020E75EB030E22BF66
:1007C000B61A754640EA5C005B084FEA3202B6EBA7
:1007D000020E75EB030E22BFB61A754640EA9C0066
:1007E0005B084FEA3202B6EB020E75EB030E22BF36
:1007F000B61A754640EADC0055EA060E18D04FEAF4
:10080000051545EA16754FEA06164FEAC30343EA93
:1008100052734FEAC2025FEA1C1CC0D111F4801F60
:100820000BD141EA00014FF000004FF0004CB6E759
:1008300011F4801F04BF01430020B4F1FD0C88BFF8
:10084000BCF5E06F3FF6AFAEB5EB030C04BFB6EB03
:10085000020C5FEA500C50F1000041EB045170BDF6
:100860000EF0004E4EEA113114EB5C04C2BFD4EB23
:100870000C0541EA045170BD41F480114FF0000EA7
:10088000013C90E645EA060E8DE60CEA135594EA23
:100890000C0F08BF95EA0C0F3FF43BAF94EA0C0F26
:1008A0000AD150EA01347FF434AF95EA0C0F7FF49B
:1008B00025AF104619462CE795EA0C0F06D152EAEF
:1008C00003353FF4FDAE1046194622E750EA4106D3
:1008D00018BF52EA43067FF4C5AE50EA41047FF4E4
:1008E0000DAF52EA43057FF4EBAE12E74FF0FF3C49
:1008F00006E000BF4FF0010C02E000BF4FF0010C1A
:100900004DF804CD4FEA410C7FEA6C5C4FEA430C92
:1009100018BF7FEA6C5C1BD001B050EA410C0CBFE1
:1009200052EA430C91EA030F02BF90EA020F002043
:10093000704710F1000F91EA030F58BF994208BFAA
:1009400090422CBFD8176FEAE37040F00100704767
:100950004FEA410C7FEA6C5C02D150EA013C07D1BE
:100960004FEA430C7FEA6C5CD6D152EA033CD3D009
:100970005DF8040B704700BF8446104662468C4603
:100980001946634600E000BF01B5FFF7B7FF002836
:1009900048BF10F1000F01BD4DF808EDFFF7F4FF5F
:1009A0000CBF012000205DF808FB00BF4DF808EDEA
:1009B000FFF7EAFF34BF012000205DF808FB00BF0D
:1009C0004DF808EDFFF7E0FF94BF012000205DF82F
:1009D00008FB00BF4DF808EDFFF7CEFF94BF0120E4
:1009E00000205DF808FB00BF4DF808EDFFF7C4FFDD
:1009F00034BF012000205DF808FB00BF4FEA410C26
:100A00007FEA6C5C02D150EA013C0AD14FEA430C08
:100A10007FEA6C5C02D152EA033C02D14FF0000045
:100A200070474FF0010070474FEA410212F5001283
:100A300015D211D56FF47873B3EB625212D94FEA25
:100A4000C12343F0004343EA505311F0004F23FA0F
:100A500002F018BF404270474FF00000704750EA64
:100A6000013005D111F0004008BF6FF00040704721
:100A70004FF00000704700BF80F0004002E000BF70
:100A800081F0004142001FBF5FEA410392EA030F79
:100A90007FEA226C7FEA236C6AD04FEA1262D2EBC3
:100AA0001363C1BFD218414048404140B8BF5B42C8
:100AB000192B88BF704710F0004F40F4000020F061
:100AC0007F4018BF404211F0004F41F4000121F077
:100AD0007F4118BF494292EA030F3FD0A2F10102C1
:100AE00041FA03FC10EB0C00C3F1200301FA03F1FF
:100AF00000F0004302D5494260EB4000B0F5000F22
:100B000013D3B0F1807F06D340084FEA310102F1E0
:100B10000102FE2A51D2B1F1004F40EBC25008BF92
:100B200020F0010040EA03007047490040EB00005C
:100B3000013A28BFB0F5000FEDD2B0FA80FCACF15D
:100B4000080CB2EB0C0200FA0CF0AABF00EBC2508A
:100B500052421843BCBFD0401843704792F0000F78
:100B600081F4000106BF80F400000132013BB5E7CB
:100B70004FEA41037FEA226C18BF7FEA236C21D041
:100B800092EA030F04D092F0000F08BF08467047A6
:100B900090EA010F1CBF0020704712F07F4F04D174
:100BA000400028BF40F00040704712F100723CBF87
:100BB00000F50000704700F0004343F0FE4040F4B1
:100BC000000070477FEA226216BF08467FEA23636F
:100BD0000146420206BF5FEA412390EA010F40F45A
:100BE000800070474FF0000304E000BF10F00043A6
:100BF00048BF40425FEA000C08BF704743F096438D
:100C000001464FF000001CE050EA010208BF7047A7
:100C10004FF000030AE000BF50EA010208BF70472E
:100C200011F0004302D5404261EB41015FEA010C43
:100C300002BF84460146002043F0B64308BFA3F13B
:100C40008053A3F50003BCFA8CF2083AA3EBC2531D
:100C500010DB01FA02FC634400FA02FCC2F120023C
:100C6000BCF1004F20FA02F243EB020008BF20F073
:100C70000100704702F1200201FA02FCC2F12002D9
:100C800050EA4C0021FA02F243EB020008BF20EACE
:100C9000DC7070474FF0FF0C1CEAD0521EBF1CEAFC
:100CA000D15392EA0C0F93EA0C0F6FD01A4480EAEA
:100CB000010C400218BF5FEA41211ED04FF00063D3
:100CC00043EA501043EA5111A0FB01310CF00040FF
:100CD000B1F5000F3EBF490041EAD3715B0040EA25
:100CE000010062F17F02FD2A1DD8B3F1004F40EBF5
:100CF000C25008BF20F00100704790F0000F0CF0C8
:100D0000004C08BF49024CEA502040EA51207F3A8B
:100D1000C2BFD2F1FF0340EAC250704740F4000066
:100D20004FF00003013A5DDC12F1190FDCBF00F057
:100D300000407047C2F10002410021FA02F1C2F105
:100D4000200200FA02FC5FEA310040F1000053EAA1
:100D50004C0308BF20EADC70704792F0000F00F0EF
:100D6000004C02BF400010F4000F013AF9D040EAF5
:100D70000C0093F0000F01F0004C02BF490011F489
:100D8000000F013BF9D041EA0C018FE70CEAD15387
:100D900092EA0C0F18BF93EA0C0F0AD030F0004C07
:100DA00018BF31F0004CD8D180EA010000F00040BB
:100DB000704790F0000F17BF90F0004F084691F079
:100DC000000F91F0004F14D092EA0C0F01D14202B3
:100DD0000FD193EA0C0F03D14B0218BF084608D17C
:100DE00080EA010000F0004040F0FE4040F40000C6
:100DF000704740F0FE4040F4400070474FF0FF0C59
:100E00001CEAD0521EBF1CEAD15392EA0C0F93EA9F
:100E10000C0F69D0A2EB030280EA010C49024FEAF1
:100E2000402037D04FF0805343EA111143EA1013AA
:100E30000CF000408B4238BF5B0042F17D024FF462
:100E4000000C8B4224BF5B1A40EA0C00B3EB510F3D
:100E500024BFA3EB510340EA5C00B3EB910F24BF26
:100E6000A3EB910340EA9C00B3EBD10F24BFA3EBAB
:100E7000D10340EADC001B0118BF5FEA1C1CE0D173
:100E8000FD2A3FF650AF8B4240EBC25008BF20F026
:100E9000010070470CF0004C4CEA50207F32C2BF7A
:100EA000D2F1FF0340EAC250704740F400004FF017
:100EB0000003013A37E792F0000F00F0004C02BF48
:100EC000400010F4000F013AF9D040EA0C0093F012
:100ED000000F01F0004C02BF490011F4000F013B6C
:100EE000F9D041EA0C0195E70CEAD15392EA0C0FD4
:100EF00008D142027FF47DAF93EA0C0F7FF470AF0C
:100F0000084676E793EA0C0F04D14B023FF44CAF4E
:100F100008466EE730F0004C18BF31F0004CCAD1E3
:100F200030F000427FF45CAF31F000437FF43CAF1F
:100F30005FE700BF4FF0FF3C06E000BF4FF0010C41
:100F400002E000BF4FF0010C4DF804CD4FEA400223
:100F50004FEA41037FEA226C18BF7FEA236C11D06D
:100F600001B052EA530C18BF90EA010F58BFB2EB20
:100F7000030088BFC81738BF6FEAE17018BF40F0A0
:100F8000010070477FEA226C02D15FEA402C05D154
:100F90007FEA236CE4D15FEA412CE1D05DF8040BD9
:100FA000704700BF844608466146FFE70FB5FFF76C
:100FB000C9FF002848BF10F1000F0FBD4DF808ED24
:100FC000FFF7F4FF0CBF012000205DF808FB00BF15
:100FD0004DF808EDFFF7EAFF34BF012000205DF86F
:100FE00008FB00BF4DF808EDFFF7E0FF94BF0120BC
:100FF00000205DF808FB00BF4DF808EDFFF7D2FFB9
:1010000094BF012000205DF808FB00BF4DF808EDFB
:10101000FFF7C8FF34BF012000205DF808FB00BFC8
:101020004FEA4002B2F1FE4F0FD34FF09E03B3EBF5
:1010300012620DD94FEA002343F0004310F0004F35
:1010400023FA02F018BF404270474FF0000070478B
:1010500012F1610F01D1420205D110F0004008BF2A
:101060006FF0004070474FF00000704742000ED212
:10107000B2F1FE4F0BD34FF09E03B3EB126209D4D3
:101080004FEA002343F0004323FA02F070474FF089
:101090000000704712F1610F01D1420202D14FF0FE
:1010A000FF3070474FF00000704700BF80B582B03E
:1010B00000AF78608021404804F0F4FA3F4B1B7881
:1010C0000133DAB23D4B1A703D4B1B889BB21A4676
:1010D0003C4B1B6813443B4A1360394B5B889BB203
:1010E0001A46394B1B681344374A1360344BDB886C
:1010F0009BB21A46354B1B681344344A1360304B7D
:101100009B889BB21A46324B1B681344304A1360CB
:101110002B4B1B899BB21A462E4B1B6813442D4A3E
:101120001360264B1B78092B41D9264B1B682A4A92
:10113000A2FB0323DB089AB2284B1A80224B1B68C0
:10114000254AA2FB0323DB089AB2254B1A801F4BCA
:101150001B68214AA2FB0323DB089AB2214B1A80A9
:101160001B4B1B681C4AA2FB0323DB089AB21E4BD5
:101170001A80184B1B68184AA2FB0323DB089AB29B
:101180001A4B1A801A4B01221A700E4B00221A6059
:101190000D4B00221A600D4B00221A600C4B0022EE
:1011A0001A600C4B00221A60044B00221A7000BF18
:1011B0000837BD4680BD00BF000801400401002083
:1011C000B4000020C0000020C4000020C80000209F
:1011D000CC000020D0000020CDCCCCCCD40000200E
:1011E000D6000020D8000020DA000020DC0000201B
:1011F000050100200000000080B582B000AF964BD2
:101200001B78002B00F01281944B1B881846FFF7C7
:10121000EDFC034692491846FFF7F0FD03461846D9
:10122000FFF724FF03469AB28E4B1A808D4B1B8822
:101230007B607B685B027B607B685B0A7B607B68B2
:101240009AB2894B1A80894B1B881846FFF7CEFC4F
:10125000034687491846FFF7D1FD03461846FFF7B6
:1012600005FF03469AB2834B1A80824B1B887B6032
:101270007B685B027B607B685B0A7B607B689AB201
:101280007D4B1A807D4B1B881846FFF7AFFC034649
:101290007B491846FFF7B2FD03461846FFF7E6FE06
:1012A00003469AB2774B1A80764B1B887B607B682B
:1012B0005B027B607B685B0A7B607B689AB2724BE7
:1012C0001A80724B1B881846FFF790FC0346704942
:1012D0001846FFF793FD03461846FFF7C7FE03467F
:1012E0009AB26C4B1A806B4B1B887B607B685B02ED
:1012F0007B607B685B0A7B607B689AB2664B1A8076
:10130000664B1B881846FFF771FC03466449184674
:10131000FFF7C0FC03461A46624B1A60614B1B681C
:1013200061491846FFF754FE0346002B02D05D4B7F
:101330005D4A1A605B4B1B6819465C48FFF75EFD0F
:1013400003465B491846FFF79BFB03461A46594B79
:101350001A60584B1B684FF000011846FFF742FE19
:101360000346002B03D0534B4FF07E521A60514B73
:101370001B6851491846FFF741FD03461846FFF721
:101380004BF802460B461046194609F053FC2AA3B7
:10139000D3E90023FFF798F802460B46104619469A
:1013A00027A3D3E90023FEF7D9FE02460B4626A168
:1013B000D1E90001FFF7B2F902460B461046194683
:1013C00023A3D3E90023FEF7C7FE02460B461046CF
:1013D0001946FFF729FB0346384A13602A4B1B883E
:1013E000214A128802FB03F39AB2354B1A802A4B2A
:1013F0001B88214A128802FB03F39AB2314B1A80F0
:101400001D4B1B881A46642302FB03F32E4A82FB02
:1014100003129211DB17D31A9AB22C4B1A800E4B7F
:1014200000221A702A4B01221A7000E000BF083710
:10143000BD4680BDAFF300800000006066A2724030
:101440000000000000DCAE40000000805CF831418C
:10145000000000606612714005010020D4000020E9
:101460009A991941E0000020EE000020D6000020EB
:1014700000001841DE000020EC000020D800002011
:10148000CDCC8041E4000020F2000020DA000020F2
:101490009A995141E2000020F0000020DC00002079
:1014A0006740533AE80000206F12833A00B0FD46CF
:1014B00000C019460001002000401C46F800002032
:1014C000F6000020F4000020398EE338FC000020F4
:1014D0003703002080B584B000AFF8607B600B4616
:1014E000FB721346BB72FB7A292B04D1BB7A1846D8
:1014F00002F0ACFF00BF012318461037BD4680BD87
:1015000080B588B002AFF8607B600B46FB72134673
:10151000BB72FB7A192B2ED0192B39DC172B02D07A
:10152000182B18D034E07B687B6110E01C4B1B78D3
:101530005A1CD1B21A4A11701A467B691978194B94
:1015400099547B6901337B61BB7A013BBB72BB7AE7
:10155000002BEBD11EE0124B00221A70104B1B78AF
:101560001A464FF47A73009313460E4A78210E48B8
:1015700004F0F6F90EE00A4B1B781A464FF47A7322
:1015800000931346074A7821074804F0E9F901E07F
:10159000002300E0012318461837BD4680BD00BF78
:1015A000180100201C010020B001002080B582B08D
:1015B00002AF354B354A3649364806F019FC0A2049
:1015C00002F044FF334808F0EAF80A2002F03EFF38
:1015D0000021304808F0F2F84023009380230022D5
:1015E00000212C4806F015FB01212A4807F05DF880
:1015F0002949284807F0B4F9284B0A220321254835
:1016000007F010F9264B14220321224807F00AF9AB
:101610002449204807F0A4F9234B1B6899B2234BB7
:101620003C221C4807F0FEF821491A4807F098F9B7
:10163000204B3A220321174807F0F4F8382300938F
:10164000252338221021134807F02EFB1A4B019353
:10165000182300931823002268210E4806F096FAFA
:101660000C4806F0A6FB40F2DC5002F0EFFE1349F6
:10167000084807F075F9124B39223B21054807F05D
:10168000D1F800BFBD4680BDD51400080115000883
:1016900090D4000894020020E8D00008A4B000080C
:1016A000B8B00008BCCC000800000020D0B0000892
:1016B0004CBE0008E0B00008C4B10008F0C8000843
:1016C000E4B0000880B584B002AF00237B603FE047
:1016D00000233B6036E0224806F0F8FA012120485A
:1016E00006F0B5F901211E4806F0DFFF1D4A3B68F0
:1016F00052F823300193402300934023002200211D
:10170000174806F043FA1849154807F029F9174B0E
:101710001B223D21124807F085F8154B26223D215A
:101720000F4807F07FF8134B30223D210C4807F09B
:1017300079F80B4806F03DFB192002F087FE3B6864
:1017400001333B603B68052BC5DD7B6801337B6063
:101750007B68032BBCDD00BF00BF0837BD4680BDE2
:101760009402002004000020F0C80008F0B0000837
:10177000F8B0000804B1000890B583B000AF04468B
:10178000084611461A462346FB710346BB710B46B9
:10179000BB801346FB70FB78042B61D801A252F882
:1017A00023F000BFB9170008E9170008191800084E
:1017B0002718000835180008BB88304AA2FB03230D
:1017C000DB089BB21846BA882C4BA3FB0213D9083E
:1017D0000B469B000B445B00D31A9BB20246284980
:1017E000284808F069F93CE0BB88244AA2FB03239F
:1017F000DB089BB21846BA88204BA3FB0213D9081A
:101800000B469B000B445B00D31A9BB202461E4959
:101810001C4808F051F924E0BA88B0231B49194844
:1018200008F04AF91DE0BB881A461949154808F026
:1018300043F916E0BB88174AA2FB03235B099BB25E
:101840001846BB88134AA2FB03125209642101FB0C
:1018500002F29B1A9BB202460F490A4808F02CF983
:1018600000BFFB7999B2BB799AB2064B0B4806F0E0
:10187000D9FF00BF0C37BD4690BD00BFCDCCCCCC4E
:1018800008B100080801002014B1000820B10008C8
:1018900028B100081F85EB5130B1000894020020E8
:1018A00080B582B002AF4D4806F010FA4023009395
:1018B000802300220021494806F0ABF9484B0193F0
:1018C0000C2300930F2302220A21444806F05EF9FC
:1018D000444B01930C2300931023022238213F48EC
:1018E00006F054F9404B01930C2300930F2302227E
:1018F00067213A4806F04AF93C49384807F030F881
:101900003B4B1A88002317210220FFF735FF394B84
:101910001A88002317216120FFF72EFF364B1A8803
:10192000012322210220FFF727FF344B1A880123CD
:1019300022216120FFF720FF314B1B689AB202235E
:1019400017213520FFF718FF2E4B1B689AB203238F
:1019500022213520FFF710FF2B4B1A8804232D215D
:101960000220FFF709FF294B1A8804232D215B2051
:10197000FFF702FF264B1A88032338216120FFF767
:10198000FBFE244B1B78002B06D0234B3822022170
:10199000124806F047FF1BE0204B1B78002B06D0B7
:1019A0001F4B382202210D4806F03CFF10E01D4B72
:1019B0001B78002B06D01C4B38220221074806F06A
:1019C00031FF05E0194B38220221044806F02AFFB6
:1019D000024806F0EEF900BFBD4680BD940200202B
:1019E0007CB1000894B10008ACB1000820C1000827
:1019F000EE000020EC000020F2000020F0000020AB
:101A0000F80000200C040020F6000020F400002064
:101A1000FC000020390300203CB100083A030020FC
:101A20004CB10008360300205CB100086CB100081E
:101A300080B500AF02F0A8FC00F086F800F086FA4E
:101A400000F06EFA00F060F900F0E6F800F01AFA23
:101A500000F088F900F0D3F802F0EEFC03461846D7
:101A600007F03AFFFFF7A2FDFFF72CFE01224FF42B
:101A700000512F4803F0FEFD2E4805F095F82E4842
:101A800005F092F808212C4805F030F904212A4885
:101A900005F02CF9294803F0BFF84FF4FA7002F072
:101AA000D5FC05222649254802F0CCFD4FF4FA70FA
:101AB00002F0CCFC00224FF400511D4803F0DAFD87
:101AC000204B1B78002B04D01E4B00221A70FFF70E
:101AD00093FB1C4B5B78002B02D01A4B00225A70F0
:101AE000184B9B78002B04D0164B00229A7001F003
:101AF000BBFD144BDB78002B04D0124B0022DA70B4
:101B0000FFF7CEFE0F4B1B79002B04D00D4B0022AC
:101B10001A7102F075FB0B4B5B79002BD0D0094B8F
:101B200000225A710421024803F0BCFDC8E700BF3F
:101B3000000C01404C020020040200203C01002067
:101B4000B40000203003002080B594B000AF07F14E
:101B5000280328220021184608F013F807F114037F
:101B600000221A605A609A60DA601A613B1D0022F6
:101B70001A605A609A60DA600123BB624FF48033C6
:101B8000FB6200233B630123BB6302237B644FF4AE
:101B90008033BB644FF4E013FB6407F1280318465D
:101BA00004F036FA0346002B01D000F0DDFA0F23D3
:101BB0007B610223BB610023FB614FF480633B62C6
:101BC00000237B6207F114030221184604F0A2FCF3
:101BD0000346002B01D000F0C7FA02237B604FF4CC
:101BE0000043FB603B1D184604F022FE0346002B19
:101BF00001D000F0B9FA00BF5037BD4680BD80B5B6
:101C000000AF022200210B2003F08BF90B2003F020
:101C1000A4F900BF80BD000080B584B000AF3B1DBB
:101C200000221A605A609A60354B364A1A60344B6B
:101C30004FF480729A60324B01221A73304B0022AB
:101C40001A752F4B4FF46022DA612D4B00225A6037
:101C50002B4B05221A612A4802F01CFC0346002B7C
:101C600001D000F081FA00237B600123BB600623D2
:101C7000FB603B1D1946224802F0D4FD0346002BB1
:101C800001D000F071FA01237B600223BB603B1D91
:101C900019461B4802F0C6FD0346002B01D000F098
:101CA00063FA04237B600323BB603B1D1946144881
:101CB00002F0B8FD0346002B01D000F055FA0823CE
:101CC0007B600423BB603B1D19460D4802F0AAFD52
:101CD0000346002B01D000F047FA09237B6005235F
:101CE000BB603B1D1946064802F09CFD0346002BD5
:101CF00001D000F039FA00BF1037BD4680BD00BFEB
:101D00003C0100200024014080B500AF124B134A73
:101D10001A60114B124A5A600F4B00229A600E4B08
:101D20000022DA600C4B4FF480421A610A4B002209
:101D30005A61094B00229A61074B0022DA61064B77
:101D400000221A62044803F0C7FC0346002B01D0AE
:101D500000F00AFA00BF80BDB0010020005400402E
:101D6000A086010080B592B000AF07F140030022C9
:101D70001A605A6007F1240300221A605A609A60C0
:101D8000DA601A615A619A613B1D202200211846CF
:101D900007F0F7FE394B3A4A1A60384B03225A6073
:101DA000364B00229A60354B40F22B12DA60334BEF
:101DB00000221A61314B00225A61304B00229A6195
:101DC0002E4804F043FF0346002B01D000F0CCF96D
:101DD00000233B6400237B6407F140031946274836
:101DE00005F074FD0346002B01D000F0BDF960231F
:101DF0007B620023BB620023FB6200233B6304235E
:101E00007B630023BB630023FB6307F124030422ED
:101E100019461A4805F0FCF80346002B01D000F0E3
:101E2000A3F907F1240308221946144805F0F0F835
:101E30000346002B01D000F097F900237B600023BC
:101E4000BB600023FB6000233B6100237B614FF4F8
:101E50000053BB614FF480433B623B1D194607486A
:101E600005F092FD0346002B01D000F07DF90348F8
:101E700002F080F800BF4837BD4680BD0402002054
:101E8000002C014080B586B000AF07F108030022A6
:101E90001A605A609A60DA603B4600221A605A6003
:101EA0001D4B1E4A1A601C4B47225A601A4B0022D7
:101EB0009A60194B40F2E732DA60174B00221A6140
:101EC000154B00229A61144804F01EFE0346002BB5
:101ED00001D000F049F94FF48053BB6007F10803CB
:101EE00019460D4805F056F90346002B01D000F0C5
:101EF0003BF900233B6000237B603B4619460648C4
:101F000005F0E4FC0346002B01D000F02DF900BFE2
:101F10001837BD4680BD00BF4C02002000080040BD
:101F200080B483B000AF084B5B69074A43F00103FC
:101F30005361054B5B6903F001037B607B6800BF65
:101F40000C37BD4680BC70470010024080B588B099
:101F500000AF07F1100300221A605A609A60DA603D
:101F60002E4B9B692D4A43F0200393612B4B9B69B9
:101F700003F02003FB60FB68284B9B69274A43F072
:101F800004039361254B9B6903F00403BB60BB68AA
:101F9000224B9B69214A43F0080393611F4B9B69C5
:101FA00003F008037B607B68002280211C4803F05B
:101FB00061FB00224EF204011A4803F05BFB802310
:101FC0003B6101237B610023BB610223FB6107F1BD
:101FD00010031946124803F0C9F904233B61012399
:101FE0007B610023BB610223FB6107F110031946EB
:101FF0000C4803F0BBF94FF460433B6101237B6164
:102000000023BB610323FB6107F110031946054858
:1020100003F0ACF900BF2037BD4680BD0010024080
:1020200000080140000C014080B582B000AF78602C
:102030007B68414A934224D1404B1B78002B15D03A
:102040003F4B1B780133DAB23D4B1A703C4B1B7887
:10205000022B02D93A4B01221A70394B1B78394AAC
:1020600012881146184601F097FD0AE0344B002211
:102070001A70354B00221A80324B00221A8001F070
:102080000BFE7B68314A934252D1314B01221A70C8
:10209000304B1B780133DAB22E4B1A702E4B1B7863
:1020A0000133DAB22C4B1A702A4B1B78042B05D95A
:1020B000274B01225A70274B00221A70264B1B789F
:1020C000092B0BD9224B01229A70244B1B78013328
:1020D000DAB2224B1A70204B00221A701F4B1B7869
:1020E000092B0BD91A4B0122DA701D4B1B780133D7
:1020F000DAB21B4B1A70194B00221A70184B1B785E
:10210000042B0BD9124B01221A71164B1B78013389
:10211000DAB2144B1A70124B00221A70114B1B7852
:10212000012B05D90A4B01225A710E4B00221A705D
:1021300000BF0837BD4680BD0402002038030020E0
:10214000050400200A040020060400204C020020A0
:102150003003002028030020290300202A03002048
:102160002B0300202C03002080B400AF72B600BF08
:1021700000BFFDE780B483B000AF0346FB800B4691
:10218000BB8013467B80FA88BB889A4201D2BB8809
:1021900006E0FA887B889A4201D97B8800E0FB88B8
:1021A00018460C37BD4680BC7047000080B500AFB4
:1021B0000C4B1B680C4A03FB02F20C4B1344094AFC
:1021C0001360084B1B6823F07F431846FEF70AFD97
:1021D00003464FF097411846FEF710FE0346184697
:1021E00080BD00BF2C0000200D6619005FF36E3C1F
:1021F00080B584B000AFFFF7D9FFF860FFF7D6FFD6
:10220000B860FFF7D3FF7860B968F868FEF73AFC6A
:10221000034679681846FEF735FC03464FF07F51B8
:102220001846FEF72DFC034604491846FEF732FD1A
:10223000034618461037BD4680BD00BF36CD933FDC
:1022400080B400AF244B00221A70244B01221A7074
:10225000234B00221A80234B00221A80224B00229B
:102260001A80224B00221A80214B00221A80214B17
:1022700000221A70204B00221A80204B00221A6084
:102280001F4B01221A701F4B01221A701E4B002295
:102290001A701E4B00221A801D4B01221A701D4B12
:1022A00000221A701C4B00221A701C4B00221A705C
:1022B0001B4B00221A601B4B4FF000021A601A4B96
:1022C0001A4A1A601A4B00221A801A4B00221A80EE
:1022D00000BFBD4680BC7047400300201C000020AA
:1022E000420300204403002046030020480300204E
:1022F0004A0300203B0300204C0300205003002031
:102300002800002029000020E0030020E203002034
:102310002A000020E4030020E5030020E60300205B
:10232000E8030020D803002020000020CDCCCC3DC5
:102330003C0300203E03002090B5B1B000AF6C4BD1
:102340001B78002B03D06B4B1B78002B03D1FFF7BE
:1023500077FF00F0F9BF684B1B88A7F85830674B30
:102360001B88A7F85630664B1B88A7F85430654B7E
:102370001B88A7F85230B7F85830B7F8562002FB40
:1023800003F3FB64B7F85830052B05D8B7F856307F
:10239000012B01D8012300E0002387F84B3097F888
:1023A0004B30002B0AD0584B1B88312B09D8564B89
:1023B0001B8801339AB2544B1A8002E0524B002220
:1023C0001A80514B1B88312B16D9504B00221A8092
:1023D0004F4B00221A804F4B00221A60FFF730FF4C
:1023E000494B00221A804C4AB7F8583013804B4AA8
:1023F000FB6C136000F0A8BF444B1A88444B1A8052
:10240000404B1B88162B25D9414B1B88002B05D030
:102410003F4B1B88013B9AB23D4B1A803C4B1A88BC
:102420003A4B1A80394B1B883D4A82FB0312DB175B
:10243000D31A384A13603B4B01221A703A4B0022E0
:102440001A80354AB7F858301380344AFB6C136051
:1024500000F07ABF2A4B1B88B3F5907F25D92C4B0F
:102460001B88002B05D02A4B1B88013B9AB2284BB6
:102470001A80274B1A88254B1A80244B1B88284A20
:1024800082FB0312DB17D31A224A1360254B012269
:102490001A70254B00221A801F4AB7F85830138053
:1024A0001E4AFB6C136000F04FBF204B1B78002BC3
:1024B00040F0A9803C23A7F848304FF4B473A7F844
:1024C0004630124B1B88B7F848209A4207D90F4A6A
:1024D000B7F8483013800E4AB7F8483013800B4BDA
:1024E0001A88134B1A800023C7F8BC304FE000BF96
:1024F0003803002039030020EE000020F200002005
:10250000EC000020F0000020420300200A0400201C
:10251000060400200C0400204C030020500300207F
:10252000ABAAAA2A1C00002044030020400300207C
:10253000EC030020FFF73AFE03464FF07C511846AB
:10254000FEF7A8FB034692491846FEF79BFA03469E
:102550001946904AD7F8BC3042F823108E4AD7F873
:10256000BC304FF0000142F823108C4AD7F8BC3041
:102570004FF0000142F82310894AD7F8BC301344C9
:1025800000221A70D7F8BC300133C7F8BC30D7F836
:10259000BC30092BCEDD834B1B881846FEF722FB8F
:1025A000034681491846FEF729FC03461A467F4B2D
:1025B0001A60F86CFEF716FB03467D4A13607D4BEC
:1025C00001221A707C4B01221A707C4B00221A7077
:1025D0007B4B00221A807B4B01221A707A4B00221F
:1025E0001A707A4B00221A70794B00221A70794BBC
:1025F00000221A60784B01221A70784B00221A8050
:10260000774B01221A70B7F85230002B14BF012308
:102610000023DBB287F8453097F84530002B0AD00D
:102620006E4B1B88092B09D86C4B1B8801339AB25F
:102630006A4B1A8002E0694B00221A80B7F85630C4
:10264000142B03D8B7F85230142B01D9012300E022
:10265000002387F84430634B1B88002B08D0B7F861
:10266000583008335F4A1288934201D2012300E0B8
:10267000002387F843305C4B1B68002B09D0B7F868
:102680005620FB6C1A44584B1B689A4201D8012310
:1026900000E0002387F8423097F84430002B16D032
:1026A00097F84330002B12D097F84230002B0ED011
:1026B0003C4B1B88002B0AD04C4B1B884F2B10D84F
:1026C0004A4B1B8801339AB2484B1A8009E0474BAA
:1026D0001B88002B05D0454B1B88013B9AB2434B0E
:1026E0001A80424B1B884F2B20D92E4B1A88404B07
:1026F0001A80404BC8221A803F4B01221A70294B86
:102700001B88002B05D0274B1B88013B9AB2254B19
:102710001A80244B1A88394B1A80224B1B88384A5E
:1027200082FB0312DB17D31A364A1360314B1B8826
:10273000002B69D02F4B1B88013B9AB22D4B1A807E
:102740002B4B1B88002B0DD0164B1A88284B1B884F
:102750009A4207D9264B1A88124B1A80114B1A88B5
:10276000264B1A8097F84430002B57D1B7F85830D1
:1027700005331C4A1288934250D91E4B00221A80FE
:102780001B4B00221A801C4B00221A7046E000BF2F
:10279000CDCCCC3D540300207C030020A4030020BA
:1027A000CC0300200A040020000016442000002072
:1027B000D80300202800002029000020E00300208A
:1027C000E20300202A000020E4030020E5030020AB
:1027D000E6030020E80300201C0000204403002042
:1027E000400300204C03002050030020460300203B
:1027F0004A030020480300203B0300200604002079
:10280000ABAAAA2A0C040020974B1B88002B05D1E9
:10281000964B00221A80964B00221A70954B1B781B
:10282000002B00F0BF8000F0BDFD934B1B88934A46
:1028300082FB0312DB17D31A914A1360914B1B885A
:10284000092B40F2A6808B4B00221A708A4B1B8802
:102850001846FEF7C7F903468B491846FEF7CEFA2D
:1028600003461A46894B1A60F86CFEF7BBF903461B
:10287000874A1360874B7B60844B1C684FF07C5108
:102880007868FEF707FA034619462046FEF7F8F87F
:102890000346C7F8B8304FF07C517868FEF7FAF974
:1028A00003461A46794B1B6819461046FEF7EAF8AC
:1028B0000346C7F8B4307849D7F8B800FEF788FB6C
:1028C0000346002B02D0744BC7F8B8307349D7F8D1
:1028D000B400FEF79BFB0346002B02D06F4BC7F8FA
:1028E000B4300023C7F8B03034E0D7F8B810D7F8C8
:1028F000B400FEF7C5F803461C46FFF757FC034635
:1029000019462046FEF7C6F90346D7F8B810184610
:10291000FEF7B8F803461946614AD7F8B03042F8D6
:102920002310604AD7F8B0304FF0000142F823106E
:102930005D4AD7F8B0304FF0000142F823105B4AEF
:10294000D7F8B030134400221A70D7F8B0300133F2
:10295000C7F8B030D7F8B030092BC6DD544B012290
:102960001A70544B01221A70534B00221A70534BA9
:1029700000221A80524B01221A70524B00221A7008
:10298000514B00221A70514B00221A70504B0022FA
:102990001A60504AB7F8583013804F4AFB6C1360E6
:1029A00000F0D2BC3C23A7F840304FF4B473FB874F
:1029B0003F4B1B78012B40F03781424B1B78002B9B
:1029C0004AD0414B1B78002B06D03F4B1B78013B74
:1029D000DAB23D4B1A7036E03D4B1A68FB6C13447B
:1029E0003B4A1360394B1B780133DAB2374B1A700C
:1029F000364B1B78022B26D9354B1B681846FEF741
:102A0000F1F8034635491846FEF7F8F903463B63EB
:102A1000294B1B78002B0AD0274B1B780A2B06D892
:102A2000254B1B78013B1F493A6B41F82320254B6E
:102A300000221A70264B00221A60244B00221A70C2
:102A40001D4B00221A70234AB7F858301380224ACF
:102A5000FB6C136000F078BC164B1B780A2B3FD937
:102A6000134B02221A70DFE0460300204A030020C5
:102A70003B0300201C0000200A040020ABAAAA2A65
:102A80000C04002044030020000016442000002015
:102A9000D8030020CDCC4C3ECDCCCC3D9A99193FEB
:102AA000540300207C030020A4030020CC0300205A
:102AB0002800002029000020E0030020E20300207D
:102AC0002A000020E4030020E5030020E6030020A4
:102AD000E80300204C030020500300200000404089
:102AE0009B4B1B78013B9B4A52F82330C7F8AC3014
:102AF0009949D7F8AC00FEF76BFA0346002B02D0D9
:102B0000954BC7F8AC309549D7F8AC00FEF77EFA84
:102B10000346002B02D0914BC7F8AC309049D7F850
:102B2000AC00FEF7B7F803464FF07C511846FDF7AE
:102B3000A9FF03461846FEF799FA0346A7F8AA30FC
:102B4000FA8FB7F84010B7F8AA301846FFF712FB13
:102B50000346A7F8AA30834B1B88002B0DD0824B6D
:102B60001B88002B09D0804B1B88B7F8AA209A42FB
:102B700003D97D4B1B88A7F8AA30B7F8AA307B4A47
:102B800012889B1ABB637A4B1B880E2B01D9012339
:102B900000E00623FB86FB8EBA6B9A4206DD734B80
:102BA0001A88FB8E1344A7F8AA300AE0FB8E5B421A
:102BB000BA6B9A4205DA6D4B1A88FB8ED31AA7F8C6
:102BC000AA306C4AB7F8AA3013806B4AB7F8AA301B
:102BD0001380684B1B88694A82FB0312DB17D31AE8
:102BE000674A1360614AB7F8AA301380584B1A78C5
:102BF000644B1A70564B1B780133DAB2544B1A707F
:102C0000614B01221A70614B01221A70604B002245
:102C10001A70604B00221A605F4AB7F85830138070
:102C20005E4AFB6C13608FE35D4B1B78022B40F018
:102C300081835C4B1B685C4A1360464B1B685B4A94
:102C400013600123C7F8A43020E0564AD7F8A43017
:102C500052F82330544A126811461846FEF7D6F946
:102C60000346002B0DD04F4AD7F8A43052F823303A
:102C70004D4A1360374AD7F8A43052F823304B4AF4
:102C80001360D7F8A4300133C7F8A430D7F8A430C4
:102C9000092BDADD464B1B684FF000011846FEF7A2
:102CA000B5F90346002B21D03F4B1B68404A126800
:102CB00011461846FDF7E4FE03461A463C4B1B68D6
:102CC00019461046FEF79AF80346FB623949F86A3E
:102CD000FEF79CF90346002B10D0334B1B68344A97
:102CE0001360324B1B68344A136007E02E4B1B689D
:102CF0002F4A13602D4B1B682F4A1360012387F85E
:102D0000A3300023C7F89C3015E02C4AD7F89C303C
:102D100052F823304FF000011846FEF74FF90346F2
:102D2000002B03D1002387F8A33008E0D7F89C30AC
:102D30000133C7F89C30D7F89C30092BE5DD97F8B4
:102D4000A330002B4FD00023C7F8983047E000BFD6
:102D50002900002054030020CDCCCC3D9A99193F86
:102D600000001644480300204A030020EC03002022
:102D7000E20300200A04002006040020ABAAAA2ACD
:102D80000C040020E0030020E4030020E503002001
:102D9000E6030020E80300204C030020500300203D
:102DA000280000207C030020DC03002024000020F9
:102DB000D80300200AD7A33C20000020A403002051
:102DC0005F4AD7F8983052F823205E49D7F89830F8
:102DD00041F82320D7F898300133C7F89830D7F856
:102DE0009830092BECDD584B1B68C7F89430564BD4
:102DF0001B68C7F890300123C7F88C302CE0524A8A
:102E0000D7F88C3052F823301946D7F89400FEF7E3
:102E1000DFF80346002B06D04B4AD7F88C3052F827
:102E20002330C7F89430484AD7F88C3052F8233012
:102E30001946D7F89000FEF7E9F80346002B06D0B4
:102E4000414AD7F88C3052F82330C7F89030D7F881
:102E50008C300133C7F88C30D7F88C30092BCEDD9D
:102E6000D7F89010D7F89400FDF70AFE0346BB622E
:102E70003649B86AFEF7ACF80346002B06D0344B4F
:102E80001B8801339AB2324B1A8002E0304B002289
:102E90001A802F4B1B880E2B8CBF01230023DBB223
:102EA00087F8273097F82730002B01D0294B00E016
:102EB000294B3B6297F82730002B01D0274B00E0CD
:102EC000274BFB6197F82730002B02D04FF000030F
:102ED00000E0244BBB61244B1B78042B01D8234B0F
:102EE00000E0234B7B614FF07C533B610023C7F82C
:102EF000883008E1124AD7F8883052F82320114967
:102F0000D7F8883051F8233019461046FEF760F89C
:102F10000346002B30D0174AD7F8883013441B786B
:102F2000092B2FD8134AD7F8883013441B78013364
:102F3000D9B2104AD7F8883013440A461A7021E0F3
:102F40007C030020A4030020540300208FC2F53D21
:102F5000E20300206F1283380AD7A33A90C2753D6E
:102F6000CDCCCC3D9A99193E2A0000206666E63EFB
:102F70006666663FCC030020924AD7F88830134437
:102F800000221A708F4AD7F8883013441B781846ED
:102F9000FDF728FE03468C491846FDF72FFF034630
:102FA000C7F884304FF07E51D7F88400FEF72EF832
:102FB0000346002B03D04FF07E53C7F884304FF008
:102FC0007C51D7F88400FDF765FE03461946F86981
:102FD000FDF758FD0346C7F880307C49D7F88000DC
:102FE000FEF714F80346002B02D0784BC7F8803068
:102FF000774AD7F8883052F82330FB67FFF7D6F8C6
:10300000034679691846FDF745FE03461C46714B99
:103010001B68F96F1846FDF733FD03461946204635
:10302000FDF738FE03461946F86FFDF72BFD034602
:10303000FB67FFF7DDF80346396A1846FDF72AFEFD
:10304000034639691846FDF725FE03461946F86F11
:10305000FDF718FD0346FB67FFF7A8F8034619467E
:10306000D7F88000FDF7D2FF0346002B2ED0FFF7E4
:103070009DF8034654491846FDF70CFE03461846D2
:10308000FDF7CEFF0346BB67BB6F092B01DD0923AC
:10309000BB67FFF78BF804464D4ABB6F52F82330ED
:1030A000F96F1846FDF7ECFC034619462046FDF77C
:1030B000F1FD03461946F86FFDF7E4FC0346FB6794
:1030C000404AD7F88830134400221A704249F86FFA
:1030D000FDF77EFF0346002B01D03F4BFB673F49C6
:1030E000F86FFDF793FF0346002B01D03B4BFB67C6
:1030F0003749D7F88830FA6F41F82320D7F888305D
:103100000133C7F88830D7F88830092B7FF7F2AE43
:103110004FF00001B869FDF779FF0346002B4ED050
:103120002949B869FDF7B6FD0346184607F0BAFD10
:1031300003461846FDF774FF03467B677B6F002B41
:1031400001DC01237B6700233B6734E00023FB663F
:10315000234B1B68BB6601237B6614E0204A7B6E11
:1031600052F823301946B86EFDF750FF0346002B86
:1031700006D01B4A7B6E52F82330BB667B6EFB6623
:103180007B6E01337B667B6E092BE7DDFFF70EF864
:10319000034639691846FDF77DFD03460E4918467A
:1031A000FDF770FC03461946094AFB6E42F82310EE
:1031B0003B6F01333B673A6F7B6F9A42C6DB00235C
:1031C0003B661AE0CC030020000020416666663FA3
:1031D0005403002020000020CDCCCC3D9A99193F0B
:1031E0007C0300205A4A3B6E52F8232059493B6E1B
:1031F00041F823203B6E01333B663B6E092BF1DD2A
:10320000554B1B780133DAB2534B1A70524B1B7873
:103210000A2B02D9504B01221A70504B01221A700E
:103220004F4B01221A704F4B00221A704E4B1B68F5
:10323000FB654E49F86DFDF7CBFE0346002B01D030
:103240004A4BFB654A49F86DFDF7E0FE0346002B4B
:1032500001D0474BFB654749F86DFDF71BFD034661
:103260004FF07C511846FDF70DFC03461846FDF75C
:10327000FDFE0346A7F85A30FA8FB7F84010B7F8AA
:103280005A301846FEF776FF0346A7F85A303A4BF5
:103290001B88002B0DD0394B1B88002B09D0374BD6
:1032A0001B88B7F85A209A4203D9344B1B88A7F8D9
:1032B0005A30B7F85A30324A12889B1AFB60314BA9
:1032C0001B880E2B01D9012300E006237B817B891B
:1032D000FA689A4206DD2A4B1A887B891344A7F8BC
:1032E0005A300AE07B895B42FA689A4205DA244B3D
:1032F0001A887B89D31AA7F85A30234AB7F85A306C
:103300001380224AB7F85A3013801F4B1B88204A7B
:1033100082FB0312DB17D31A1E4A1360184AB7F850
:103320005A3013801C4AB7F8583013801B4AFB6C84
:10333000136009E0184AB7F858301380174AFB6C3D
:103340001360174B01221A70C437BD4690BD00BFF1
:103350007C030020A40300202A0000202800002075
:1033600029000020E003002020000020CDCCCC3D2F
:103370009A99193F00001644480300204A03002090
:10338000EC030020E20300200A04002006040020D1
:10339000ABAAAA2A0C0400204C03002050030020F2
:1033A0001C00002080B400AF5C4B1B88162B0AD990
:1033B0005B4B1B88002B7DD0594B1B88013B9AB27D
:1033C000574B1A8076E0574B1B88B3F5907F0AD98C
:1033D000534B1B88002B6DD0514B1B88013B9AB27D
:1033E0004F4B1A8066E0504B1A88504B1B889A420C
:1033F00010D94F4B1A884F4B1B889A420AD9484B19
:103400001B88002B4ED0464B1B88013B9AB2444B85
:103410001A8047E0444B1A88444B1B889A420CD9C7
:10342000434B1A88434B1B889A4206D23C4B1B885D
:1034300001339AB23A4B1A8034E03B4B1A883B4B2B
:103440001B889A420CD23A4B1A883A4B1B889A42F4
:1034500006D9334B1B8801339AB2314B1A8021E0D5
:10346000314B1A88314B1B889A4210D2304B1A8844
:10347000304B1B889A420AD2294B1B88002B11D053
:10348000274B1B88013B9AB2254B1A800AE0254B3B
:103490001B88B3F5907F05D2214B1B8801339AB26C
:1034A0001F4B1A80204B1A88204B1A80204B1A88F9
:1034B000204B1A801A4B1B88B3F5167F04D3184B88
:1034C0004FF416721A8006E0154B1B88002B02D1B0
:1034D000134B00221A80184B1B88002B0DD0174B62
:1034E0001B88002B09D00E4B1A88144B1B889A425C
:1034F00003D9124B1A880A4B1A80094B1A88104BB1
:103500001A800F4B1B880F4A82FB0312DB17D31A5A
:103510000D4A136000BFBD4680BC7047F00000201C
:1035200006040020EC000020F60000203C030020F0
:10353000EE0000203E030020480300204A03002044
:103540000A040020ABAAAA2A0C04002080B483B08D
:1035500000AF0346FB800B467B7113467B807B7973
:10356000002B07D0FA887B889A4209D2FB88013366
:10357000FB8005E0FB88002B02D0FB88013BFB8031
:10358000FB8818460C37BD4680BC704780B582B0BA
:1035900000AFFEF755FE294B00221A70284B00227F
:1035A0001A70284B00221A70274B1B88FB80274B70
:1035B00000221A60264B00221A60FB88B3F58E7F2A
:1035C00017D31F4B01221A70204B1B68204A13602F
:1035D000204B1E221A801F4B1A881F4B1A801D4B2E
:1035E0001B881E4A82FB0312DB17D31A1C4A136086
:1035F0001CE0FB88B3F5897F0CD9124B01221A70AD
:10360000144B00221A80144B00221A80144B002203
:103610001A600BE0094B01221A700E4B00221A802F
:103620000D4B00221A800E4B00221A600D4B012216
:103630001A7000BF0837BD4680BD00BF39030020A7
:103640003A03002036030020EC000020FC03002099
:10365000000400200A04002006040020ABAAAA2AC5
:103660000C0400203803002080B584B000AF954BD7
:103670001B78002B18D1944B00221A80934B002208
:103680001A80934B00221A80924B00221A80924B90
:1036900000221A80914B00221A60914B00221A607E
:1036A000884B00221A7052E28E4B1B88FB818E4B96
:1036B0001B88BB81894B1B680133884A13608B4B85
:1036C0001B88052B05D88A4B1B88012B01D80123A9
:1036D00000E00023FB72FB7A002B32D0854B0022E6
:1036E0001A70854B00221A70844B00221A70844B8A
:1036F00000221A70834B00221A80834B00221A800A
:10370000824B00221A60FEF79BFD6F4B00221A804D
:103710006E4B00221A806E4B00221A806D4B0022E5
:103720001A806D4B00221A806C4B00221A606C4B81
:1037300000221A60764B01221A70624B00221A7026
:1037400005E2734B1B78002B09D06D4B1B78002BC7
:1037500005D16F4B00221A70FFF718FF02E06C4B87
:1037600000221A70664B1B78002B15D1564B002295
:103770001A80564B00221A80554B00221A80554B56
:1037800000221A80544B00221A80554B00221A60E6
:103790004C4B00221A70DAE1564B1B78002B00F0DC
:1037A000E180FEF7C9FDFB8940F21B1293428CBFFA
:1037B00001230023DBB2FB71FB79002B04D0BB8912
:1037C000022B01D9012300E00023BB713E4B1B8873
:1037D000B9794FF47A721846FFF7B8FE03461A46D5
:1037E000394B1A80384B1B88B3F57A7F1DD3414B78
:1037F00000221A70404B01221A70404B00221A70AE
:10380000314B00221A80314B00221A80304B0022AB
:103810001A80304B00221A803E4B00221A802F4B18
:103820001B682F4A1360FEF70BFDFB89B3F5897FF8
:1038300004D3BB89022B01D8012300E000237B7154
:10384000234B1B8879794FF496721846FFF77EFE5A
:1038500003461A461E4B1A80FB8940F2151293420A
:103860008CBF01230023DBB23B711B4B1B883979D2
:1038700040F6B8321846FFF769FE03461A46164B63
:103880001A80134B1B88B3F5967F45D3194B002242
:103890001A70194B00221A70184B01221A700C4B27
:1038A00000221A80084B00221A80084B00221A803E
:1038B000084B00221A80084B00221A80FEF7C0FC39
:1038C00042E100BF37030020EE030020F003002098
:1038D000F2030020F4030020F8030020FC03002082
:1038E00000040020EC000020F0000020EE0000208A
:1038F000F2000020390300203A03002036030020A4
:10390000380300200A040020060400200C040020D4
:1039100004040020F60300208E4B1B8840F6B732CB
:10392000934240F211818C4B00221A708B4B002283
:103930001A708B4B01221A70864B00221A80894B19
:1039400000221A80884B00221A80884B00221A809D
:10395000874B00221A80874B1B68874A1360FEF74B
:103960006FFCF1E07D4B1B78002B00F08180814BD8
:103970001B689AB2804B1B689BB2D31A9AB27F4BDA
:103980001A80FB89B3F58E7F0BD27D4B1B88B3F574
:10399000167F14D27A4B1B8801339AB2784B1A8067
:1039A0000DE0FB89B3F5927F09D9754B1B88002B7D
:1039B00005D0734B1B88013B9AB2714B1A80714B37
:1039C0001B88162B09D96E4B1B88002B05D06C4B1E
:1039D0001B88013B9AB26A4B1A80694B1A886A4B62
:1039E0001A80674B1B88694A82FB0312DB17D31AC4
:1039F000674A1360FB89B3F58E7F04D3BB89042B20
:103A000001D8012300E000237B725C4B1B8840F649
:103A1000B73293428CBF01230023DBB23B723B7A67
:103A2000002B0BD0514B1B88797A64221846FFF784
:103A30008DFD03461A464D4B1A8002E04B4B002287
:103A40001A804A4B1B88632B7ED9434B00221A7085
:103A5000424B00221A70424B01221A70434B002243
:103A60001A80434B00221A80444B00221A806BE0DC
:103A70003B4B1B78002B67D0FB89B3F5867F0BD8B7
:103A80003F4B1B88B3F5167F14D23D4B1B88013387
:103A90009AB23B4B1A800DE0FB89B3F58A7F09D3BC
:103AA000374B1B88002B05D0354B1B88013B9AB246
:103AB000334B1A80334B1B88162B09D9304B1B888C
:103AC000002B05D02E4B1B88013B9AB22C4B1A8041
:103AD0002B4B1A882C4B1A80294B1B882B4A82FBB4
:103AE0000312DB17D31A2A4A1360FB89FE2B94BFFB
:103AF00001230023DBB2BB721D4B1B88B97A4FF444
:103B0000FA721846FFF722FD03461A46184B1A8030
:103B1000174B1B88B3F5FA7F16D3114B00221A708E
:103B20000D4B01221A700D4B00221A70104B00220F
:103B30001A800D4B00221A800C4B00221A80094B70
:103B400000221A80FEF77CFB124B00221A701037FD
:103B5000BD4680BDF8030020390300203A03002051
:103B600036030020F2030020EE030020F0030020C3
:103B7000F4030020FC03002000040020F6030020D2
:103B80000A040020F000002006040020ABAAAA2AA4
:103B90000C0400203703002080B483B000AF03463C
:103BA0000A46FB711346BB80374B1B78002B15D19F
:103BB000354B01221A70354B00221A70344B1B68AA
:103BC0009A69334B1B6842F400629A61304B1B6860
:103BD000DA692F4B1B6842F00802DA61BB88B3F543
:103BE000167F02D34FF41673BB80FB79012B21D1D2
:103BF000BB88B3F5167F08D3264B4FF49672DA6371
:103C0000244B4FF496729A6338E0BB88B3F5967FE5
:103C100009D3204B4FF49672DA63BB88A3F59672F2
:103C20001C4B9A632AE01B4ABB88D363194B0022C2
:103C30009A6323E0FB79022B20D1BB88B3F5167F72
:103C400008D3144B4FF49672DA63124B4FF496720A
:103C50009A6313E0BB88B3F5967F09D3BB88A3F5BD
:103C600096720C4BDA630B4B4FF496729A6305E035
:103C7000084B0022DA63074ABB88936300BF0C3706
:103C8000BD4680BC704700BF090400200804002026
:103C900004020020002C014080B400AF114B1B78BF
:103CA000002B15D1104B00221A700E4B01221A70F6
:103CB0000E4B1B689A690D4B1B6822F400629A61D7
:103CC0000A4B1B68DA69094B1B6822F00802DA61AB
:103CD000074B00229A63064B0022DA6300BFBD4601
:103CE00080BC704708040020090400200402002062
:103CF000002C014080B584B000AF164B9B69154A7B
:103D000043F001039361134B9B6903F00103BB6014
:103D1000BB68104BDB690F4A43F08053D3610D4BF6
:103D2000DB6903F080537B607B68052001F0EEF8CF
:103D3000094B5B68FB60FB6823F0E063FB60FB689A
:103D400043F00073FB60044AFB68536000BF103708
:103D5000BD4680BD001002400000014080B58AB021
:103D600000AF786007F1180300221A605A609A6069
:103D7000DA607B681B68344A934260D1334B9B699D
:103D8000324A43F400739361304B9B6903F4007330
:103D90007B617B692D4B9B692C4A43F00403936143
:103DA0002A4B9B6903F004033B613B69274B9B69EA
:103DB000264A43F008039361244B9B6903F00803F0
:103DC000FB60FB681323BB610323FB6107F118034E
:103DD00019461F4801F0CAFA0323BB610323FB61A4
:103DE00007F1180319461B4801F0C0FA1A4B1B4A89
:103DF0001A60194B00225A60174B00229A60164B2A
:103E00008022DA60144B4FF480721A61124B4FF427
:103E100080625A61104B20229A610F4B4FF48052FE
:103E2000DA610D4801F0B4F80346002B01D0FEF72B
:103E30009BF97B68084A1A62074A7B68536200BF95
:103E40002837BD4680BD00BF00240140001002405D
:103E500000080140000C01406C01002008000240F5
:103E600080B588B000AF786007F1100300221A60B7
:103E70005A609A60DA607B681B68154A934223D1C6
:103E8000144B9B69134A43F008039361114B9B69E0
:103E900003F00803FB60FB68C0233B6112237B61D6
:103EA0000323FB6107F1100319460B4801F05EFA8A
:103EB000084BDB69074A43F40013D361054BDB6908
:103EC00003F40013BB60BB6800BF2037BD4680BD54
:103ED0000054004000100240000C014080B584B046
:103EE00000AF78607B681B680D4A934213D10D4B7D
:103EF0009B690C4A43F4006393610A4B9B6903F48A
:103F00000063FB60FB6800220021192001F009F822
:103F1000192001F022F800BF1037BD4680BD00BF58
:103F2000002C01400010024080B584B000AF7860E2
:103F30007B681B680D4A934213D10D4BDB690C4A19
:103F400043F00403D3610A4BDB6903F00403FB6015
:103F5000FB68012200211E2000F0E3FF1E2000F07C
:103F6000FCFF00BF1037BD4680BD00BF0008004009
:103F70000010024080B588B000AF786007F11003F0
:103F800000221A605A609A60DA607B681B68104AE7
:103F9000934218D10F4B9B690E4A43F0040393617F
:103FA0000C4B9B6903F00403FB60FB684FF4C06398
:103FB0003B6102237B610323FB6107F11003194678
:103FC000054801F0D3F900BF2037BD4680BD00BFD2
:103FD000002C0140001002400008014080B400AFF6
:103FE00000BFFDE780B400AF00BFFDE780B400AFC5
:103FF00000BFFDE780B400AF00BFFDE780B400AFB5
:1040000000BFFDE780B400AF00BFBD4680BC704775
:1040100080B400AF00BFBD4680BC704780B400AF25
:1040200000BFBD4680BC704780B500AF00F0F2F91C
:1040300000BF80BD80B500AF024801F063F800BF4B
:1040400080BD00BF6C01002080B500AF024802F0C7
:10405000EFFE00BF80BD00BF0402002080B500AFAE
:10406000024802F0E5FE00BF80BD00BF4C02002008
:1040700080B400AF01231846BD4680BC704780B5B0
:1040800082B000AF7860396005F0CAFD03461622A1
:104090001A604FF0FF3318460837BD4680BD80B523
:1040A00082B000AF78604FF0FF317868FFF7E7FF2C
:1040B00000BFFDE780B586B000AFF860B9607A60F8
:1040C00000237B610AE0AFF300800146BB685A1C05
:1040D000BA60CAB21A707B6901337B617A697B6806
:1040E0009A42F0DB7B6818461837BD4680BD80B524
:1040F00086B000AFF860B9607A6000237B6109E0A8
:10410000BB685A1CBA601B781846AFF300807B6905
:1041100001337B617A697B689A42F1DB7B681846E0
:104120001837BD4680BD80B483B000AF78604FF0D3
:10413000FF3318460C37BD4680BC704780B483B04F
:1041400000AF786039603B684FF400525A6000233A
:1041500018460C37BD4680BC704780B483B000AFB2
:104160007860012318460C37BD4680BC704780B488
:1041700085B000AFF860B9607A6000231846143744
:10418000BD4680BC7047000080B586B000AF786047
:10419000144A154BD31A7B617B693B61134B1B6837
:1041A000002B02D1114B124A1A60104B1A687B681F
:1041B00013443A699A4207D205F032FD03460C22B5
:1041C0001A604FF0FF3309E0084B1B68FB60074B98
:1041D0001A687B681344054A1360FB681846183751
:1041E000BD4680BD005000200004000010040020E7
:1041F0006809002080B400AF00BFBD4680BC704796
:1042000080B500AF424B1B68222B0DDD414B1B7864
:10421000002B09D101224FF400513F4801F02AFA46
:104220003C4B01221A7010E0394B1B68192B0CDC37
:10423000384B1B78002B08D000224FF40051364831
:1042400001F018FA334B00221A70344B1B88B3F577
:10425000967F03D9324B01221A7012E0314B1B8832
:10426000462B03D92E4B04221A700AE02E4B1B88D2
:10427000FA2B03D92A4B03221A7002E0284B0022A2
:104280001A70294B1B884F2B24D9244B1B88632B76
:1042900020D9234B1B78002B1CD101224FF48041E5
:1042A0001D4801F0E7F9214B1B780133DAB21F4BAF
:1042B0001A701E4B1B78052B27D901224FF40041A1
:1042C000154801F0D7F91A4B1B78002B1DD1FFF7C9
:1042D0005DF91AE000224FF480410F4801F0CAF95D
:1042E00000224FF400410C4801F0C4F9104B0022A9
:1042F0001A70104B00221A700F4B00221A700B4BD1
:1043000000221A70FDF79CFF00E000BF00BF80BDD7
:10431000F800002015040020000C0140EC000020F3
:1043200014040020F0000020EE00002016040020FD
:1043300038030020390300203A030020FFF75AFF1A
:104340000B480C490C4A002302E0D458C4500433F3
:10435000C4188C42F9D3094A094C002301E01360C8
:104360000432A242FBD305F061FCFDF761FB70470C
:104370000000002098000020E8D5000898000020E8
:1043800068090020FEE7000080B500AF084B1B68FD
:10439000074A43F010031360032000F0B7FD00202C
:1043A00000F008F8FFF7A6FC0023184680BD00BF08
:1043B0000020024080B582B000AF7860124B1A68CE
:1043C000124B1B7819464FF47A73B3FBF1F3B2FB2F
:1043D000F3F3184600F0CFFD0346002B01D0012374
:1043E0000EE07B680F2B0AD8002279684FF0FF306F
:1043F00000F097FD064A7B681360002300E001236C
:1044000018460837BD4680BD300000203800002027
:104410003400002080B400AF054B1B781A46054BD2
:104420001B681344034A136000BFBD4680BC70473D
:10443000380000201804002080B400AF024B1B6835
:104440001846BD4680BC70471804002080B584B073
:1044500000AF7860FFF7F0FFB8607B68FB60FB6837
:10446000B3F1FF3F05D00A4B1B781A46FB68134493
:10447000FB6000BFFFF7E0FF0246BB68D31AFA6893
:104480009A42F7D800BF00BF1037BD4680BD00BFBD
:104490003800002080B586B000AF78600023FB753F
:1044A00000233B610023BB600023FB607B68002B83
:1044B00001D10123BEE07B689B68002B7B689B6A6F
:1044C000002B09D17B680022DA627B68002283F826
:1044D00024207868FFF742FC786800F0F5FA03467C
:1044E000FB757B689B6A03F01003002B40F09980FA
:1044F000FB7D002B40F095807B689B6A23F48853FA
:1045000023F0020343F002027B689A627B685A68D8
:104510007B68DB691A437B681B7B5B001343BA68CB
:104520001343BB607B689B68B3F5807F03D07B68D7
:104530009B68012B02D14FF4807300E000233A699D
:1045400013433B617B681B7D012B19D17B681B7B6F
:10455000002B09D17B689B69013B5A033B691343DC
:1045600043F400633B610BE07B689B6A43F02002ED
:104570007B689A627B68DB6A43F001027B68DA62DF
:104580007B681B685B6823F469417B681B683A6938
:104590000A435A607B681B689A68284B13407A6804
:1045A0001268B9680B4393607B689B68B3F5807FA2
:1045B00003D07B689B68012B04D17B681B69013B9E
:1045C0001B05FB607B681B68DB6A23F470017B685A
:1045D0001B68FA680A43DA627B681B689A68184BA2
:1045E0001340BA689A420BD17B680022DA627B687A
:1045F0009B6A23F0030343F001027B689A6218E090
:104600007B689B6A23F0120343F010027B689A6276
:104610007B68DB6A43F001027B68DA620123FB7589
:1046200007E07B689B6A43F010027B689A62012373
:10463000FB75FB7D18461837BD4680BDFDF7E1FFD1
:10464000FE0E1FFF80B586B000AFF860B9607A60DB
:104650000023FB75FB681B68644A934204D0FB6827
:104660001B68634A934206D1604B5B6803F4702376
:10467000002B40F0B380FB6893F82430012B01D16C
:104680000223AEE0FB68012283F82420F86800F0E2
:10469000C1F90346FB75FB7D002B40F09A80FB6857
:1046A0009B6A23F4706323F0010343F48072FB6878
:1046B0009A62FB681B684E4A934205D14B4B5B687C
:1046C00003F47023002B15D1FB689B6A23F480123E
:1046D000FB689A62FB681B685B6803F48063002BCD
:1046E00026D0FB689B6A23F4405343F48052FB6856
:1046F0009A621DE0FB689B6A43F48012FB689A6231
:10470000FB681B68394A934204D0FB681B68384A2F
:1047100093420DD1354B5B6803F48063002B07D0C7
:10472000FB689B6A23F4405343F48052FB689A620F
:10473000FB689B6A03F48053002B06D0FB68DB6A9E
:1047400023F00602FB68DA6202E0FB680022DA620C
:10475000FB68002283F82420FB681B6A254A9A62C2
:10476000FB681B6A244ADA62FB681B6A234A1A63E5
:10477000FB681B686FF002021A60FB681B689A688E
:10478000FB681B6842F480729A60FB68186AFB68D9
:104790001B684C331946BA687B6800F053FCFB6811
:1047A0001B689B6803F46023B3F5602F08D1FB6896
:1047B0001B689A68FB681B6842F4A0029A600FE0CD
:1047C000FB681B689A68FB681B6842F480129A6059
:1047D00006E0FB68002283F8242001E00123FB753A
:1047E000FB7D18461837BD4680BD00BF0024014040
:1047F000002801404B4B0008C74B0008E34B000862
:1048000080B483B000AF786000BF0C37BD4680BC79
:10481000704780B483B000AF786000BF0C37BD46EE
:1048200080BC704780B485B000AF786039600023E9
:10483000FB730023BB607B6893F82430012B01D10C
:104840000223DCE07B68012283F824203B685B685C
:10485000062B1CD87B681B68596B3B685A6813464B
:104860009B001344053B1F2202FA03F3DB4319406C
:104870003B6818683B685A6813469B001344053B25
:1048800000FA03F27B681B680A435A633CE03B680A
:104890005B680C2B1CD87B681B68196B3B685A68DB
:1048A00013469B001344233B1F2202FA03F3DB430E
:1048B00019403B6818683B685A6813469B001344CC
:1048C000233B00FA03F27B681B680A431A631BE070
:1048D0007B681B68D96A3B685A6813469B0013447F
:1048E000413B1F2202FA03F3DB4319403B6818687F
:1048F0003B685A6813469B001344413B00FA03F29D
:104900007B681B680A43DA623B681B68092B1CD969
:104910007B681B68D9683B681A6813465B001344C0
:104920001E3B072202FA03F3DB4319403B689868F9
:104930003B681A6813465B0013441E3B00FA03F2FF
:104940007B681B680A43DA6019E07B681B68196999
:104950003B681A6813465B001344072202FA03F30C
:10496000DB4319403B6898683B681A6813465B0054
:10497000134400FA03F27B681B680A431A613B6820
:104980001B68102B03D03B681B68112B32D17B684E
:104990001B681D4A934225D17B681B689B6803F402
:1049A0000003002B26D17B681B689A687B681B6814
:1049B00042F400029A603B681B68102B1AD1134B1B
:1049C0001B68134AA2FB03239A0C13469B00134453
:1049D0005B00BB6002E0BB68013BBB60BB68002BB7
:1049E000F9D107E07B689B6A43F020027B689A62FA
:1049F0000123FB737B68002283F82420FB7B18468D
:104A00001437BD4680BC70470024014030000020B0
:104A100083DE1B4380B584B000AF78600023FB6069
:104A20000023BB607B681B689B6803F00103012BBC
:104A300040D07B681B689A687B681B6842F0010263
:104A40009A601F4B1B681F4AA2FB03239B0CBB6091
:104A500002E0BB68013BBB60BB68002BF9D1FFF7EC
:104A6000EBFCF8601FE0FFF7E7FC0246FB68D31A97
:104A7000022B18D97B681B689B6803F00103012B8C
:104A800011D07B689B6A43F010027B689A627B6856
:104A9000DB6A43F001027B68DA627B68002283F8FC
:104AA0002420012307E07B681B689B6803F0010357
:104AB000012BD8D1002318461037BD4680BD00BF5A
:104AC0003000002083DE1B4380B584B000AF7860E7
:104AD0000023FB607B681B689B6803F00103012BCC
:104AE0002ED17B681B689A687B681B6822F00102E4
:104AF0009A60FFF7A1FCF8601BE0FFF79DFC0246FF
:104B0000FB68D31A022B14D97B681B689B6803F0DF
:104B10000103012B0DD17B689B6A43F010027B6877
:104B20009A627B68DB6A43F001027B68DA620123E8
:104B300007E07B681B689B6803F00103012BDCD056
:104B4000002318461037BD4680BD80B584B000AF45
:104B500078607B685B6AFB60FB689B6A03F05003CC
:104B6000002B27D1FB689B6A43F40072FB689A62B2
:104B7000FB681B689B6803F46023B3F5602F15D1B5
:104B8000FB681B7B002B11D1FB689B6A23F48072AE
:104B9000FB689A62FB689B6A03F48053002B05D183
:104BA000FB689B6A43F00102FB689A62F868FCF7B5
:104BB0007DFA04E0FB681B6A1B6B7868984700BFAE
:104BC0001037BD4680BD80B584B000AF78607B688B
:104BD0005B6AFB60F868FFF713FE00BF1037BD4645
:104BE00080BD80B584B000AF78607B685B6AFB6095
:104BF000FB689B6A43F04002FB689A62FB68DB6AD1
:104C000043F00402FB68DA62F868FFF702FE00BFB7
:104C10001037BD4680BD000090B587B000AF78600A
:104C20000023FB750023FB607B6893F82430012B85
:104C300001D1022397E07B68012283F82420786861
:104C4000FFF742FF0346FB757868FFF7E3FE034674
:104C5000FB75FB7D002B40F081807B689B6A23F411
:104C6000885323F0020343F002027B689A62404BB0
:104C70001C68022001F092FE0346B4FBF3F35B00D4
:104C8000FB6002E0FB68013BFB60FB68002BF9D195
:104C90007B681B689A687B681B6842F008029A6010
:104CA000FFF7CAFB38611BE0FFF7C6FB02463B6912
:104CB000D31A0A2B14D97B681B689B6803F008037E
:104CC000002B0DD07B689B6A23F0120343F0100287
:104CD0007B689A627B68002283F82420012342E0EB
:104CE0007B681B689B6803F00803002BDCD17B68A2
:104CF0001B689A687B681B6842F004029A60FFF7A1
:104D00009BFB38611BE0FFF797FB02463B69D31A18
:104D10000A2B14D97B681B689B6803F00403002BE3
:104D20000DD07B689B6A23F0120343F010027B686E
:104D30009A627B68002283F82420012313E07B68B9
:104D40001B689B6803F00403002BDCD17B689B6A23
:104D500023F0030343F001027B689A627B68002220
:104D600083F82420FB7D18461C37BD4690BD00BF4C
:104D70003000002080B485B000AF78607B6803F01D
:104D80000703FB600C4BDB68BB60BA684FF6FF03A0
:104D90001340BB60FB681A02BB68134343F0BF6358
:104DA00043F40033BB60044ABB68D36000BF1437D0
:104DB000BD4680BC704700BF00ED00E080B400AF8E
:104DC000044BDB681B0A03F007031846BD4680BC92
:104DD000704700BF00ED00E080B483B000AF034631
:104DE000FB7197F90730002B0BDBFB7903F01F02F7
:104DF000064997F907305B09012000FA02F241F8F1
:104E0000232000BF0C37BD4680BC704700E100E0A6
:104E100080B483B000AF03463960FB7197F9073067
:104E2000002B0ADB3B68DAB20C4997F90730120114
:104E3000D2B20B4483F800230AE03B68DAB2084997
:104E4000FB7903F00F03043B1201D2B20B441A7634
:104E500000BF0C37BD4680BC704700BF00E100E0DA
:104E600000ED00E080B489B000AFF860B9607A600E
:104E7000FB6803F00703FB61FB69C3F10703042B25
:104E800028BF0423BB61FB690433062B02D9FB69ED
:104E9000033B00E000237B614FF0FF32BB6902FA65
:104EA00003F3DA43BB681A407B699A404FF0FF3145
:104EB0007B6901FA03F3D9437B680B40134318461F
:104EC0002437BD4680BC704780B582B000AF7860A3
:104ED0007B68013BB3F1807F01D301230FE00A4AD5
:104EE0007B68013B53600F214FF0FF30FFF790FFCD
:104EF000054B00229A60044B07221A6000231846D3
:104F00000837BD4680BD00BF10E000E080B582B02C
:104F100000AF78607868FFF72DFF00BF0837BD4607
:104F200080BD80B586B000AF0346B9607A60FB7380
:104F300000237B61FFF742FF78617A68B96878697E
:104F4000FFF790FF024697F90F3011461846FFF71A
:104F50005FFF00BF1837BD4680BD80B582B000AF8F
:104F60000346FB7197F907301846FFF735FF00BF7E
:104F70000837BD4680BD80B582B000AF78607868E4
:104F8000FFF7A2FF034618460837BD4680BD000064
:104F900080B485B000AF78600023FB607B68002B95
:104FA00001D1012343E07B681B681A46224B13445E
:104FB000224AA2FB03231B099A007B681A647B68C0
:104FC0001F4ADA637B68022283F821207B681B6812
:104FD0001B68FB60FB6823F47F5323F03003FB6006
:104FE0007B685A687B689B681A437B68DB681A4356
:104FF0007B681B691A437B685B691A437B689B6902
:105000001A437B68DB691343FA681343FB607B68D0
:105010001B68FA681A607B6800229A637B68012229
:1050200083F821207B68002283F820200023184683
:105030001437BD4680BC7047F8FFFDBFCDCCCCCC4B
:105040000000024080B586B000AFF860B9607A60B9
:105050003B600023FB75FB6893F82030012B01D1E6
:1050600002234BE0FB68012283F82020FB6893F8C1
:105070002130DBB2012B3AD1FB68022283F82120D8
:10508000FB6800229A63FB681B681A68FB681B6850
:1050900022F001021A603B687A68B968F86800F08B
:1050A00037F9FB68DB6A002B08D0FB681B681A68BD
:1050B000FB681B6842F00E021A600FE0FB681B6879
:1050C0001A68FB681B6822F004021A60FB681B6800
:1050D0001A68FB681B6842F00A021A60FB681B68CA
:1050E0001A68FB681B6842F001021A6005E0FB6861
:1050F000002283F820200223FB75FB7D1846183719
:10510000BD4680BD80B584B000AF78607B68DB6B46
:105110001B68FB607B681B681B68BB607B681B6C43
:1051200004229A40FB681340002B4FD0BB6803F069
:105130000403002B4AD07B681B681B6803F0200324
:10514000002B07D17B681B681A687B681B6822F0FC
:1051500004021A607B681B68664A934229D07B6808
:105160001B68654A934222D07B681B68634A93425E
:105170001AD07B681B68624A934212D07B681B6816
:10518000604A93420AD07B681B685F4A934202D10F
:105190004FF480030EE04FF080630BE04FF4802368
:1051A00008E04FF4804305E04FF4806302E04023C1
:1051B00000E00423554A53607B68DB6A002B00F053
:1051C00094807B68DB6A786898478EE07B681B6C0C
:1051D00002229A40FB681340002B56D0BB6803F0B4
:1051E0000203002B51D07B681B681B6803F020036F
:1051F000002B0BD17B681B681A687B681B6822F048
:105200000A021A607B68012283F821207B681B68F0
:10521000384A934229D07B681B68374A934222D090
:105220007B681B68354A93421AD07B681B68344AF6
:10523000934212D07B681B68324A93420AD07B6843
:105240001B68314A934202D14FF400130EE04FF035
:1052500000730BE04FF4003308E04FF4005305E017
:105260004FF4007302E0202300E00223274A53603A
:105270007B68002283F820207B689B6A002B34D057
:105280007B689B6A786898472FE07B681B6C0822D4
:105290009A40FB681340002B28D0BB6803F008033A
:1052A000002B23D07B681B681A687B681B6822F080
:1052B0000E021A607B681A6C7B68DB6B012101FAB5
:1052C00002F25A607B6801229A637B68012283F8AC
:1052D00021207B68002283F820207B681B6B002B39
:1052E00004D07B681B6B7868984700BF00BF1037FD
:1052F000BD4680BD080002401C0002403000024054
:1053000044000240580002406C000240000002408D
:1053100080B485B000AFF860B9607A603B60FB682C
:105320001A6CFB68DB6B012101FA02F25A60FB6820
:105330001B683A685A60FB685B68102B08D1FB68F1
:105340001B687A689A60FB681B68BA68DA6007E0D5
:10535000FB681B68BA689A60FB681B687A68DA6049
:1053600000BF1437BD4680BC7047000080B48BB0CE
:1053700000AF7860396000237B6200233B6269E103
:1053800001227B6A02FA03F3FB613B681B68FA693E
:105390001340BB61BA69FB699A4240F058813B688F
:1053A0005B689A4A93425ED0984A934275D8984A6D
:1053B000934258D0964A93426FD8964A934252D01D
:1053C000944A934269D8944A93424CD0924A934269
:1053D00063D8924A934246D0904A93425DD8122BAA
:1053E0002AD8122B59D801A252F823F0675400088A
:1053F0004154000853540008955400089B54000879
:105400009B5400089B5400089B5400089B540008C0
:105410009B5400089B5400089B5400089B540008B0
:105420009B5400089B5400089B5400089B540008A0
:10543000495400085D540008794A934213D02CE087
:105440003B68DB683B6229E03B68DB6804333B6216
:1054500024E03B68DB6808333B621FE03B68DB68A5
:105460000C333B621AE03B689B68002B02D104239B
:105470003B6213E03B689B68012B05D108233B622C
:105480007B68FA691A6109E008233B627B68FA6964
:105490005A6103E000233B6200E000BFBB69FF2BC1
:1054A00001D87B6801E07B6804337B61BB69FF2B1B
:1054B00002D87B6A9B0002E07B6A083B9B003B6151
:1054C0007B691A680F213B6901FA03F3DB431A4039
:1054D000396A3B6901FA03F31A437B691A603B6836
:1054E0005B6803F08053002B00F0B1804D4B9B694B
:1054F0004C4A43F0010393614A4B9B6903F001035B
:10550000BB60BB68484A7B6A9B08023352F8233071
:10551000FB607B6A03F003039B000F2202FA03F394
:10552000DB43FA681340FB607B68404A934213D028
:105530007B683F4A93420DD07B683E4A934207D036
:105540007B683D4A934201D1032306E0042304E033
:10555000022302E0012300E000237A6A02F0030242
:1055600092009340FA681343FB602F497B6A9B08C3
:105570000233FA6841F823203B685B6803F4801328
:10558000002B06D02D4B9A682C49BB6913438B60C6
:1055900006E02A4B9A68BB69DB43284913408B60BD
:1055A0003B685B6803F40013002B06D0234BDA68DA
:1055B0002249BB691343CB6006E0204BDA68BB6924
:1055C000DB431E491340CB603B685B6803F4003348
:1055D000002B06D0194B5A681849BB6913434B601E
:1055E00006E0164B5A68BB69DB43144913404B6015
:1055F0003B685B6803F48033002B21D00F4B1A68A3
:105600000E49BB6913430B6021E000BF000032105C
:1056100000003110000022100000211000001210C4
:10562000000011100010024000000140000801407D
:10563000000C014000100140001401400004014032
:105640000B4B1A68BB69DB43094913400B607B6A4B
:1056500001337B623B681A687B6A22FA03F3002BF2
:105660007FF48EAE00BF00BF2C37BD4680BC7047B4
:105670000004014080B483B000AF78600B467B80AB
:1056800013467B707B78002B03D07A887B681A6185
:1056900003E07B881A047B681A6100BF0C37BD46A3
:1056A00080BC704780B485B000AF78600B467B80CB
:1056B0007B68DB68FB607A88FB6813401A04FB6830
:1056C000D9437B880B401A437B681A6100BF1437AB
:1056D000BD4680BC7047000080B584B000AF7860E4
:1056E0007B68002B01D101232BE17B6893F83D30CF
:1056F000DBB2002B06D17B68002283F83C2078685F
:10570000FEF7AEFB7B68242283F83D207B681B6894
:105710001A687B681B6822F001021A607B681B68AC
:105720001A687B681B6842F400421A607B681B6839
:105730001A687B681B6822F400421A6001F032F894
:10574000F8607B685B68814A934207D8FB68804AAF
:10575000934294BF01230023DBB206E0FB687D4A3D
:10576000934294BF01230023DBB2002B01D001231D
:10577000E7E0FB68784AA2FB03239B0CBB607B68D5
:105780001B685B6823F03F017B681B68BA680A43AB
:105790005A607B681B681B6A23F03F017B685B686B
:1057A0006A4A934202D8BB68013309E0BB684FF4F0
:1057B000967202FB03F3694AA2FB03239B090133A0
:1057C0007A6812680B4313627B681B68DB6923F4F9
:1057D0004F4222F0FF027B685B685C498B4219D81C
:1057E000FB68591E7B685B685B00B1FBF3F3591CD7
:1057F00040F6FC730B40002B0AD0FB68591E7B68F7
:105800005B685B00B1FBF3F30133C3F30B0351E0BF
:1058100004234FE07B689B68002B11D1FB68581E66
:105820007B6859680B465B000B44B0FBF3F3013314
:10583000C3F30B03002B0CBF01230023DBB212E0E8
:10584000FB68581E7B6859680B469B000B44990007
:105850000B44B0FBF3F30133C3F30B03002B0CBF7A
:1058600001230023DBB2002B01D0012322E07B685F
:105870009B68002B0ED1FB68581E7B6859680B464D
:105880005B000B44B0FBF3F30133C3F30B0343F4AE
:1058900000430FE0FB68581E7B6859680B469B006D
:1058A0000B4499000B44B0FBF3F30133C3F30B0338
:1058B00043F44043796809681343CB617B681B68F4
:1058C0001B6823F0C0017B68DA697B681B6A1A4396
:1058D0007B681B680A431A607B681B689B6823F41B
:1058E000034323F0FF037A6811697A68D268114391
:1058F0007A6812680B4393607B681B68DB6823F04F
:10590000FF017B685A697B689B691A437B681B6847
:105910000A43DA607B681B681A687B681B6842F080
:1059200001021A607B6800221A647B68202283F8D7
:105930003D207B6800221A637B68002283F83E20AA
:10594000002318461037BD4680BD00BFA086010069
:105950007F841E00FF083D0083DE1B43D34D621091
:1059600080B588B002AFF8607A601A460B467B813A
:1059700013463B81FEF760FD7861FB6893F83D308C
:10598000DBB2202B40F0E0807B69009319230122D9
:105990007049F86800F064F90346002B01D0022337
:1059A000D3E0FB6893F83C30012B01D10223CCE01B
:1059B000FB68012283F83C20FB681B681B6803F02E
:1059C0000103012B07D0FB681B681A68FB681B6882
:1059D00042F001021A60FB681B681A68FB681B68CA
:1059E00022F400621A60FB68212283F83D20FB68E4
:1059F000102283F83E20FB6800221A64FB687A6854
:105A00005A62FB683A895A85FB685B8D9AB2FB68DB
:105A10001A85FB68504ADA6279897B693A6AF868C4
:105A200000F09CF80346002B01D001238DE00023F9
:105A30003B61FB681B685B693B61FB681B689B699A
:105A40003B613B6966E07A69396AF86800F022FADE
:105A50000346002B0DD0FB681B6C042B07D1FB68A1
:105A60001B681A68FB681B6842F400721A60012305
:105A70006BE0FB685B6A1A78FB681B681A61FB685D
:105A80005B6A5A1CFB685A62FB685B8D9BB2013BE8
:105A90009AB2FB685A85FB681B8D013B9AB2FB6882
:105AA0001A85FB681B685B6903F00403042B1BD198
:105AB000FB681B8D002B17D0FB685B6A1A78FB68AC
:105AC0001B681A61FB685B6A5A1CFB685A62FB68B8
:105AD0005B8D9BB2013B9AB2FB685A85FB681B8DBC
:105AE000013B9AB2FB681A857A69396AF86800F056
:105AF00019FA0346002B0DD0FB681B6C042B07D151
:105B0000FB681B681A68FB681B6842F400721A6025
:105B100001231AE0FB681B8D002B94D1FB681B68E6
:105B20001A68FB681B6842F400721A60FB68202246
:105B300083F83D20FB68002283F83E20FB680022AA
:105B400083F83C20002300E0022318461837BD46A6
:105B500080BD00BF020010000000FFFF80B588B0CC
:105B600002AFF8607A603B600B467B81FB68DB6AC2
:105B70007B617B69082B06D07B69012B03D07B6995
:105B800013F5803F08D1FB681B681A68FB681B6827
:105B900042F480721A600BE0FB681B6B122B07D17A
:105BA000FB681B681A68FB681B6842F480721A6005
:105BB0003B6800937B6800224FF00111F86800F009
:105BC0004FF80346002B0DD0FB681B681B6803F4DD
:105BD0008073B3F5807F03D1FB684FF400721A64C1
:105BE000032335E0FB681B69B3F5804F08D17B893F
:105BF000DBB21A46FB681B6802F0FE021A611BE06A
:105C00007B89DB11DBB203F00603DBB263F00F0329
:105C1000DAB2FB681B681A613B687A680E49F8685B
:105C200000F098F80346002B01D0012310E07B8997
:105C3000DAB2FB681B681A613B687A680749F86842
:105C400000F088F80346002B01D0012300E0002378
:105C500018461837BD4680BD08000100020001004B
:105C600080B584B000AFF860B9603B601346FB714B
:105C700048E03B68B3F1FF3F44D0FEF7DDFB02464E
:105C8000BB69D31A3A689A4202D33B68002B39D1D8
:105C9000BB681B0CDBB2012B0DD1FB681B685B6979
:105CA000DA43BB6813409BB2002B0CBF01230023D7
:105CB000DBB21A460CE0FB681B689B69DA43BB68E1
:105CC00013409BB2002B0CBF01230023DBB21A460A
:105CD000FB799A4216D1FB6800221A63FB682022E6
:105CE00083F83D20FB68002283F83E20FB681B6C94
:105CF00043F02002FB681A64FB68002283F83C2012
:105D0000012323E0BB681B0CDBB2012B0DD1FB6828
:105D10001B685B69DA43BB6813409BB2002B0CBF66
:105D200001230023DBB21A460CE0FB681B689B6969
:105D3000DA43BB6813409BB2002B0CBF0123002346
:105D4000DBB21A46FB799A4293D0002318461037EB
:105D5000BD4680BD80B584B000AFF860B9607A60A0
:105D60003B6071E0FB681B685B6903F48063B3F51B
:105D7000806F23D1FB681B681A68FB681B6842F4BC
:105D800000721A60FB681B686FF480625A61FB68DE
:105D900000221A63FB68202283F83D20FB68002262
:105DA00083F83E20FB681B6C43F00402FB681A6416
:105DB000FB68002283F83C20012367E07B68B3F195
:105DC000FF3F41D0FEF738FB02463B68D31A7A68A2
:105DD0009A4202D37B68002B36D1BB681B0CDBB226
:105DE000012B0CD1FB681B685B69DA43BB6813406D
:105DF0009BB2002B14BF01230023DBB20BE0FB6836
:105E00001B689B69DA43BB6813409BB2002B14BF2D
:105E100001230023DBB2002B16D0FB6800221A639B
:105E2000FB68202283F83D20FB68002283F83E2097
:105E3000FB681B6C43F02002FB681A64FB680022BD
:105E400083F83C20012321E0BB681B0CDBB2012B53
:105E50000CD1FB681B685B69DA43BB6813409BB2DB
:105E6000002B14BF01230023DBB20BE0FB681B688F
:105E70009B69DA43BB6813409BB2002B14BF01231C
:105E80000023DBB2002B7FF46DAF002318461037E0
:105E9000BD4680BD80B584B000AFF860B9607A605F
:105EA00034E0F86800F086F80346002B01D00123A7
:105EB00034E0BB68B3F1FF3F28D0FEF7BDFA0246DD
:105EC0007B68D31ABA689A4202D3BB68002B1DD1F3
:105ED000FB681B685B6903F08003802B16D0FB68AE
:105EE00000221A63FB68202283F83D20FB68002211
:105EF00083F83E20FB681B6C43F02002FB681A64A9
:105F0000FB68002283F83C20012307E0FB681B6844
:105F10005B6903F08003802BC3D100231846103740
:105F2000BD4680BD80B584B000AFF860B9607A60CE
:105F300034E0F86800F03EF80346002B01D001235E
:105F400034E0BB68B3F1FF3F28D0FEF775FA024694
:105F50007B68D31ABA689A4202D3BB68002B1DD162
:105F6000FB681B685B6903F00403042B16D0FB6815
:105F700000221A63FB68202283F83D20FB68002280
:105F800083F83E20FB681B6C43F02002FB681A6418
:105F9000FB68002283F83C20012307E0FB681B68B4
:105FA0005B6903F00403042BC3D1002318461037A8
:105FB000BD4680BD80B483B000AF78607B681B684D
:105FC0005B6903F48063B3F5806F1BD17B681B684A
:105FD0006FF480625A617B6800221A637B6820221A
:105FE00083F83D207B68002283F83E207B681B6C91
:105FF00043F004027B681A647B68002283F83C202B
:10600000012300E0002318460C37BD4680BC7047D2
:1060100080B586B000AF78607B68002B01D101238A
:1060200072E27B681B6803F00103002B00F087809D
:10603000924B5B6803F00C03042B0CD08F4B5B6816
:1060400003F00C03082B12D18C4B5B6803F48033F4
:10605000B3F5803F0BD1894B1B6803F40033002B51
:106060006CD07B685B68002B68D101234CE27B68B5
:106070005B68B3F5803F06D1804B1B687F4A43F4D1
:10608000803313602EE07B685B68002B0CD17B4B68
:106090001B687A4A23F480331360784B1B68774A75
:1060A00023F4802313601DE07B685B68B3F5A02FA9
:1060B0000CD1724B1B68714A43F4802313606F4B01
:1060C0001B686E4A43F4803313600BE06B4B1B6814
:1060D0006A4A23F480331360684B1B68674A23F4D1
:1060E000802313607B685B68002B13D0FEF7A4F954
:1060F000386108E0FEF7A0F902463B69D31A642B29
:1061000001D9032300E25D4B1B6803F40033002B2D
:10611000F0D014E0FEF790F9386108E0FEF78CF952
:1061200002463B69D31A642B01D90323ECE1534B9C
:106130001B6803F40033002BF0D100E000BF7B6844
:106140001B6803F00203002B63D04C4B5B6803F029
:106150000C03002B0BD0494B5B6803F00C03082B9E
:106160001CD1464B5B6803F48033002B16D1434BA4
:106170001B6803F00203002B05D07B681B69012B11
:1061800001D00123C0E13D4B1B6823F0F8027B687E
:106190005B69DB00394913430B603AE07B681B699C
:1061A000002B20D0364B01221A60FEF745F93861EA
:1061B00008E0FEF741F902463B69D31A022B01D9E8
:1061C0000323A1E12D4B1B6803F00203002BF0D049
:1061D0002A4B1B6823F0F8027B685B69DB002749C8
:1061E00013430B6015E0264B00221A60FEF724F9DA
:1061F000386108E0FEF720F902463B69D31A022B0A
:1062000001D9032380E11D4B1B6803F00203002B1F
:10621000F0D17B681B6803F00803002B3AD07B6841
:106220009B69002B19D0174B01221A60FEF704F965
:10623000386108E0FEF700F902463B69D31A022BE9
:1062400001D9032360E10D4B5B6A03F00203002BCD
:10625000F0D0012000F0CEFA1CE00A4B00221A60B8
:10626000FEF7EAF838610FE0FEF7E6F802463B6910
:10627000D31A022B08D9032346E100BF00100240C5
:106280000000424280044242924B5B6A03F00203E8
:10629000002BE9D17B681B6803F00403002B00F09E
:1062A000A6800023FB758B4BDB6903F08053002B2A
:1062B0000DD1884BDB69874A43F08053D361854B0E
:1062C000DB6903F08053BB60BB680123FB75824B25
:1062D0001B6803F48073002B18D17F4B1B687E4A28
:1062E00043F480731360FEF7A7F8386108E0FEF707
:1062F000A3F802463B69D31A642B01D9032303E1B7
:10630000754B1B6803F48073002BF0D07B68DB684F
:10631000012B06D16F4B1B6A6E4A43F001031362D7
:106320002DE07B68DB68002B0CD16A4B1B6A694A45
:1063300023F001031362674B1B6A664A23F00403D0
:1063400013621CE07B68DB68052B0CD1614B1B6A78
:10635000604A43F0040313625E4B1B6A5D4A43F0DC
:10636000010313620BE05B4B1B6A5A4A23F00103E3
:106370001362584B1B6A574A23F0040313627B686D
:10638000DB68002B15D0FEF757F838610AE0FEF7FE
:1063900053F802463B69D31A41F28832934201D93D
:1063A0000323B1E04B4B1B6A03F00203002BEED03A
:1063B00014E0FEF741F838610AE0FEF73DF80246C6
:1063C0003B69D31A41F28832934201D903239BE0FF
:1063D000404B1B6A03F00203002BEED1FB7D012B27
:1063E00005D13C4BDB693B4A23F08053D3617B688A
:1063F000DB69002B00F08780364B5B6803F00C03F1
:10640000082B61D07B68DB69022B46D1334B00221D
:106410001A60FEF711F8386108E0FEF70DF8024641
:106420003B69D31A022B01D903236DE0294B1B686A
:1064300003F00073002BF0D17B681B6AB3F5803F3B
:1064400008D1244B5B6823F400327B689B682149A8
:1064500013434B601F4B5B6823F474127B68196A0B
:106460007B685B6A0B431B4913434B601B4B012248
:106470001A60FDF7E1FF386108E0FDF7DDFF024635
:106480003B69D31A022B01D903233DE0114B1B6852
:1064900003F00073002BF0D035E0104B00221A609F
:1064A000FDF7CAFF386108E0FDF7C6FF02463B6909
:1064B000D31A022B01D9032326E0064B1B6803F0F5
:1064C0000073002BF0D11EE07B68DB69012B07D144
:1064D000012319E0001002400070004060004242B9
:1064E0000B4B5B68FB60FB6803F480327B681B6AC4
:1064F0009A4206D1FB6803F470127B685B6A9A4289
:1065000001D0012300E0002318461837BD4680BDA6
:106510000010024080B584B000AF786039607B68BD
:10652000002B01D10123D0E06A4B1B6803F0070365
:106530003A689A4210D9674B1B6823F007026549F5
:106540003B6813430B60634B1B6803F007033A6817
:106550009A4201D00123B8E07B681B6803F0020374
:10656000002B20D07B681B6803F00403002B05D0B0
:10657000594B5B68584A43F4E06353607B681B687F
:1065800003F00803002B05D0534B5B68524A43F4D9
:1065900060535360504B5B6823F0F0027B689B684C
:1065A0004D4913434B607B681B6803F00103002BCC
:1065B00040D07B685B68012B07D1474B1B6803F415
:1065C0000033002B15D101237FE07B685B68022B31
:1065D00007D1414B1B6803F00073002B09D1012345
:1065E00073E03D4B1B6803F00203002B01D1012334
:1065F0006BE0394B5B6823F003027B685B683649CC
:1066000013434B60FDF718FFF8600AE0FDF714FF35
:106610000246FB68D31A41F28832934201D9032320
:1066200053E02D4B5B6803F00C027B685B689B00BA
:106630009A42EBD1274B1B6803F007033A689A4252
:1066400010D2244B1B6823F0070222493B681343F6
:106650000B60204B1B6803F007033A689A4201D095
:10666000012332E07B681B6803F00403002B08D091
:10667000194B5B6823F4E0627B68DB6816491343BF
:106680004B607B681B6803F00803002B09D0124B9A
:106690005B6823F460527B681B69DB000E4913437F
:1066A0004B6000F021F802460B4B5B681B0903F0BE
:1066B0000F030A49CB5C22FA03F3094A1360094B22
:1066C0001B681846FDF776FE002318461037BD46B6
:1066D00080BD00BF00200240001002400CBE000838
:1066E000300000203400002080B487B000AF0023C9
:1066F000FB600023BB6000237B6100237B600023E1
:106700003B611E4B5B68FB60FB6803F00C03042BD2
:1067100002D0082B03D027E0194B3B6127E0FB6830
:106720009B0C03F00F03174AD35C7B60FB6803F4F8
:106730008033002B10D0114B5B685B0C03F001031E
:10674000114AD35CBB607B680D4A03FB02F2BB6855
:10675000B2FBF3F37B6104E07B680C4A02FB03F3BA
:106760007B617B693B6102E0054B3B6100BF3B699C
:1067700018461C37BD4680BC704700BF0010024061
:1067800000127A0024BE000834BE000800093D0053
:1067900080B400AF024B1B681846BD4680BC7047F2
:1067A0003000002080B500AFFFF7F2FF0246054B36
:1067B0005B681B0A03F007030349CB5C22FA03F36F
:1067C000184680BD001002401CBE000880B500AF16
:1067D000FFF7DEFF0246054B5B68DB0A03F00703A9
:1067E0000349CB5C22FA03F3184680BD0010024037
:1067F0001CBE000880B485B000AF78600A4B1B68EF
:106800000A4AA2FB03235B0A7A6802FB03F3FB60DC
:1068100000BFFB685A1EFA60002BF9D100BF00BF11
:106820001437BD4680BC704730000020D34D621045
:1068300080B586B000AF786000233B610023FB6029
:106840007B681B6803F00103002B7DD00023FB75E0
:106850004F4BDB6903F08053002B0DD14C4BDB69B0
:106860004B4A43F08053D361494BDB6903F08053BB
:10687000BB60BB680123FB75464B1B6803F4807348
:10688000002B18D1434B1B68424A43F480731360BA
:10689000FDF7D2FD386108E0FDF7CEFD02463B6909
:1068A000D31A642B01D903236DE03A4B1B6803F420
:1068B0008073002BF0D0364B1B6A03F44073FB60EF
:1068C000FB68002B2ED07B685B6803F44073FA688A
:1068D0009A4227D02E4B1B6A23F44073FB602E4B49
:1068E00001221A602C4B00221A60294AFB681362AD
:1068F000FB6803F00103002B14D0FDF79DFD386108
:106900000AE0FDF799FD02463B69D31A41F288324D
:10691000934201D9032336E01D4B1B6A03F00203A7
:10692000002BEED01A4B1B6A23F440727B685B6825
:10693000174913430B62FB7D012B05D1144BDB6917
:10694000134A23F08053D3617B681B6803F0020372
:10695000002B08D00E4B5B6823F440427B689B6899
:106960000B4913434B607B681B6803F01003002B3B
:1069700008D0074B5B6823F480027B68DB6804491E
:1069800013434B60002318461837BD4680BD00BF37
:1069900000100240007000404004424280B588B0C0
:1069A00000AF786000237B610023FB6100233B6123
:1069B0000023FB600023BB617B68102B0AD07B683F
:1069C000102B00F28A807B68012B45D07B68022B5C
:1069D00075D082E0464B5B68FB60454B1B6803F05B
:1069E0008073002B7BD0FB689B0C03F00F03414AA4
:1069F000D35C3B61FB6803F48033002B15D03C4B28
:106A00005B685B0C03F001033B4AD35C7B61FB6872
:106A100003F48033002B0DD0384A7B69B2FBF3F2CC
:106A20003B6902FB03F3FB6104E03B69344A02FB70
:106A300003F3FB612E4B5B6803F48003B3F5800F17
:106A400002D1FB69BB614AE0FB695B002D4AA2FBF6
:106A500003235B08BB6142E0254B1B6AFB60FB68BC
:106A600003F44073B3F5807F08D1FB6803F00203A1
:106A7000002B03D04FF40043BB611FE0FB6803F41D
:106A80004073B3F5007F09D1194B5B6A03F0020331
:106A9000002B03D049F64043BB610FE0FB6803F4D1
:106AA0004073B3F5407F1CD1114B1B6803F40033D6
:106AB000002B16D04FF22443BB6112E011E0FFF728
:106AC00085FE02460A4B5B689B0B03F00303013310
:106AD0005B00B2FBF3F3BB6104E000BF02E000BF68
:106AE00000E000BFBB6918462037BD4680BD00BF2F
:106AF0000010024038BE000848BE000800127A00AC
:106B000000093D00ABAAAAAA80B582B000AF7860A8
:106B10007B68002B01D1012341E07B6893F83D3075
:106B2000DBB2002B06D17B68002283F83C2078681A
:106B3000FDF7FAF97B68022283F83D207B681A682A
:106B40007B6804331946104600F010FC7B68012274
:106B500083F846207B68012283F83E207B6801226F
:106B600083F83F207B68012283F840207B68012264
:106B700083F841207B68012283F842207B68012250
:106B800083F843207B68012283F844207B6801223C
:106B900083F845207B68012283F83D2000231846B6
:106BA0000837BD4680BD000080B485B000AF786076
:106BB0007B6893F83D30DBB2012B01D001233AE032
:106BC0007B68022283F83D207B681B68DA687B685B
:106BD0001B6842F00102DA607B681B68184A934226
:106BE0000ED07B681B68B3F1804F09D07B681B68AF
:106BF000144A934204D07B681B68134A934211D114
:106C00007B681B689B6803F00703FB60FB68062B2F
:106C100010D07B681B681A687B681B6842F0010211
:106C20001A6007E07B681B681A687B681B6842F083
:106C300001021A60002318461437BD4680BC704715
:106C4000002C0140000400400008004080B582B0E4
:106C500000AF78607B68002B01D1012341E07B68A5
:106C600093F83D30DBB2002B06D17B68002283F81D
:106C70003C207868FDF732F97B68022283F83D20DA
:106C80007B681A687B6804331946104600F06EFB77
:106C90007B68012283F846207B68012283F83E202E
:106CA0007B68012283F83F207B68012283F8402023
:106CB0007B68012283F841207B68012283F842200F
:106CC0007B68012283F843207B68012283F84420FB
:106CD0007B68012283F845207B68012283F83D20F0
:106CE000002318460837BD4680BD000080B584B03B
:106CF00000AF786039603B68002B09D17B6893F85E
:106D00003E30DBB2012B14BF01230023DBB222E0B3
:106D10003B68042B09D17B6893F83F30DBB2012B31
:106D200014BF01230023DBB215E03B68082B09D117
:106D30007B6893F84030DBB2012B14BF01230023A2
:106D4000DBB208E07B6893F84130DBB2012B14BF63
:106D500001230023DBB2002B01D001235EE03B685E
:106D6000002B04D17B68022283F83E2013E03B68AD
:106D7000042B04D17B68022283F83F200BE03B68A0
:106D8000082B04D17B68022283F8402003E07B6853
:106D9000022283F841207B681B680122396818466B
:106DA00000F070FD7B681B681E4A934207D17B6828
:106DB0001B685A6C7B681B6842F400425A647B680B
:106DC0001B68184A93420ED07B681B68B3F1804F52
:106DD00009D07B681B68144A934204D07B681B6807
:106DE000124A934211D17B681B689B6803F007032A
:106DF000FB60FB68062B10D07B681B681A687B68F9
:106E00001B6842F001021A6007E07B681B681A6881
:106E10007B681B6842F001021A6000231846103795
:106E2000BD4680BD002C0140000400400008004029
:106E300080B584B000AF78607B681B68DB68FB605E
:106E40007B681B681B69BB60BB6803F00203002BF7
:106E500020D0FB6803F00203002B1BD07B681B686B
:106E60006FF002021A617B6801221A777B681B6847
:106E70009B6903F00303002B03D0786800F05AFAF3
:106E800005E0786800F04DFA786800F05CFA7B68FD
:106E900000221A77BB6803F00403002B20D0FB68A4
:106EA00003F00403002B1BD07B681B686FF0040207
:106EB0001A617B6802221A777B681B689B6903F45E
:106EC0004073002B03D0786800F034FA05E078684E
:106ED00000F027FA786800F036FA7B6800221A770B
:106EE000BB6803F00803002B20D0FB6803F0080305
:106EF000002B1BD07B681B686FF008021A617B684F
:106F000004221A777B681B68DB6903F00303002BFC
:106F100003D0786800F00EFA05E0786800F001FA16
:106F2000786800F010FA7B6800221A77BB6803F0DB
:106F30001003002B20D0FB6803F01003002B1BD0A4
:106F40007B681B686FF010021A617B6808221A7751
:106F50007B681B68DB6903F44073002B03D07868FF
:106F600000F0E8F905E0786800F0DBF9786800F0F7
:106F7000EAF97B6800221A77BB6803F00103002B53
:106F80000CD0FB6803F00103002B07D07B681B6863
:106F90006FF001021A617868FBF746F8BB6803F0EE
:106FA0008003002B0CD0FB6803F08003002B07D07C
:106FB0007B681B686FF080021A61786800F03EFD04
:106FC000BB6803F04003002B0CD0FB6803F04003C8
:106FD000002B07D07B681B686FF040021A6178684D
:106FE00000F0BAF9BB6803F02003002B0CD0FB685B
:106FF00003F02003002B07D07B681B686FF0200292
:107000001A61786800F011FD00BF1037BD4680BDE1
:1070100080B586B000AFF860B9607A600023FB7578
:10702000FB6893F83C30012B01D10223AEE0FB68F2
:10703000012283F83C207B680C2B00F29F8001A288
:1070400052F823F0797000087D7100087D71000806
:107050007D710008B97000087D7100087D7100081D
:107060007D710008FB7000087D7100087D710008CB
:107070007D7100083B710008FB681B68B968184601
:1070800000F0E2F9FB681B689A69FB681B6842F034
:1070900008029A61FB681B689A69FB681B6822F00A
:1070A00004029A61FB681B689969BB681A69FB68EE
:1070B0001B680A439A6164E0FB681B68B96818465C
:1070C00000F028FAFB681B689A69FB681B6842F4A9
:1070D00000629A61FB681B689A69FB681B6822F46E
:1070E00080629A61FB681B689969BB681B691A0218
:1070F000FB681B680A439A6143E0FB681B68B96838
:10710000184600F071FAFB681B68DA69FB681B68B7
:1071100042F00802DA61FB681B68DA69FB681B68E9
:1071200022F00402DA61FB681B68D969BB681A693E
:10713000FB681B680A43DA6123E0FB681B68B968D7
:10714000184600F0BBFAFB681B68DA69FB681B682D
:1071500042F40062DA61FB681B68DA69FB681B684D
:1071600022F48062DA61FB681B68D969BB681B691D
:107170001A02FB681B680A43DA6102E00123FB750F
:1071800000BFFB68002283F83C20FB7D18461837BF
:10719000BD4680BD80B584B000AF78603960002303
:1071A000FB737B6893F83C30012B01D10223B4E0E0
:1071B0007B68012283F83C207B68022283F83D2013
:1071C0007B681B689B68BB60BB6823F07703BB6070
:1071D000BB6823F47F43BB607B681B68BA689A6016
:1071E0003B681B68B3F5005F3ED0B3F5005F00F26B
:1071F0008780B3F5805F00F08680B3F5805F7FD82D
:10720000702B1AD0702B7BD8602B50D0602B77D886
:10721000502B3CD0502B73D8402B58D0402B6FD8DC
:10722000302B64D0302B6BD8202B60D0202B67D82C
:10723000002B5CD0102B5AD062E07B6818683B684A
:1072400099683B685A683B68DB6800F0FCFA7B6829
:107250001B689B68BB60BB6843F07703BB607B68BF
:107260001B68BA689A604FE07B6818683B68996849
:107270003B685A683B68DB6800F0E5FA7B681B688E
:107280009A687B681B6842F480429A603CE07B68A5
:1072900018683B6859683B68DB681A4600F05CFA7E
:1072A0007B681B685021184600F0B3FA2CE07B681D
:1072B00018683B6859683B68DB681A4600F07AFA40
:1072C0007B681B686021184600F0A3FA1CE07B680D
:1072D00018683B6859683B68DB681A4600F03CFA5E
:1072E0007B681B684021184600F093FA0CE07B682D
:1072F0001A683B681B681946104600F08AFA03E0DA
:107300000123FB7300E000BF7B68012283F83D206E
:107310007B68002283F83C20FB7B18461037BD4673
:1073200080BD80B483B000AF786000BF0C37BD462D
:1073300080BC704780B483B000AF786000BF0C376A
:10734000BD4680BC704780B483B000AF786000BF9A
:107350000C37BD4680BC704780B483B000AF786006
:1073600000BF0C37BD4680BC7047000080B485B0BC
:1073700000AF786039607B681B68FB607B682F4AD0
:1073800093420BD07B68B3F1804F07D07B682C4AC7
:10739000934203D07B682B4A934208D1FB6823F0C9
:1073A0007003FB603B685B68FA681343FB607B68B3
:1073B000224A93420BD07B68B3F1804F07D07B68A1
:1073C0001F4A934203D07B681E4A934208D1FB6850
:1073D00023F44073FB603B68DB68FA681343FB608F
:1073E000FB6823F080023B685B691343FB607B68AA
:1073F000FA681A603B689A687B68DA623B681A68C8
:107400007B689A627B680D4A934203D13B681A6994
:107410007B681A637B6801225A617B681B6903F0F1
:107420000103002B05D07B681B6923F001027B68F8
:107430001A6100BF1437BD4680BC7047002C014064
:10744000000400400008004080B487B000AF7860BE
:1074500039607B681B6A7B617B681B6A23F00102D1
:107460007B681A627B685B683B617B689B69FB6039
:10747000FB6823F07003FB60FB6823F00303FB60F1
:107480003B681B68FA681343FB607B6923F00203C7
:107490007B613B689B687A6913437B617B681C4A0C
:1074A00093420CD17B6923F008037B613B68DB6866
:1074B0007A6913437B617B6923F004037B617B68FA
:1074C000134A934211D13B6923F480733B613B69BA
:1074D00023F400733B613B685B693A6913433B618A
:1074E0003B689B693A6913433B617B683A695A6020
:1074F0007B68FA689A613B685A687B685A637B6864
:107500007A691A6200BF1C37BD4680BC704700BF55
:10751000002C014080B487B000AF786039607B6890
:107520001B6A7B617B681B6A23F010027B681A620E
:107530007B685B683B617B689B69FB60FB6823F44D
:10754000E043FB60FB6823F44073FB603B681B680F
:107550001B02FA681343FB607B6923F020037B6105
:107560003B689B681B017A6913437B617B681D4AFA
:1075700093420DD17B6923F080037B613B68DB681C
:107580001B017A6913437B617B6923F040037B61B4
:107590007B68144A934213D13B6923F480633B61B7
:1075A0003B6923F400633B613B685B699B003A697C
:1075B00013433B613B689B699B003A6913433B6102
:1075C0007B683A695A607B68FA689A613B685A68D6
:1075D0007B689A637B687A691A6200BF1C37BD4674
:1075E00080BC7047002C014080B487B000AF786049
:1075F00039607B681B6A7B617B681B6A23F480723D
:107600007B681A627B685B683B617B68DB69FB6057
:10761000FB6823F07003FB60FB6823F00303FB604F
:107620003B681B68FA681343FB607B6923F40073B3
:107630007B613B689B681B027A6913437B617B68B3
:107640001D4A93420DD17B6923F400637B613B6843
:10765000DB681B027A6913437B617B6923F48063D7
:107660007B617B68144A934213D13B6923F48053B6
:107670003B613B6923F400533B613B685B691B0141
:107680003A6913433B613B689B691B013A691343A9
:107690003B617B683A695A607B68FA68DA613B68EB
:1076A0005A687B68DA637B687A691A6200BF1C37A4
:1076B000BD4680BC704700BF002C014080B487B03D
:1076C00000AF786039607B681B6A3B617B681B6A2E
:1076D00023F480527B681A627B685B687B617B68FD
:1076E000DB69FB60FB6823F4E043FB60FB6823F489
:1076F0004073FB603B681B681B02FA681343FB6026
:107700003B6923F400533B613B689B681B033A6968
:1077100013433B617B680F4A934209D17B6923F491
:1077200080437B613B685B699B017A6913437B61A2
:107730007B687A695A607B68FA68DA613B685A68E4
:107740007B681A647B683A691A6200BF1C37BD46C1
:1077500080BC7047002C014080B487B000AFF86057
:10776000B9607A60FB681B6A7B61FB681B6A23F067
:107770000102FB681A62FB689B693B613B6923F06D
:10778000F0033B617B681B013A6913433B617B69F2
:1077900023F00A037B617A69BB6813437B61FB6852
:1077A0003A699A61FB687A691A6200BF1C37BD4664
:1077B00080BC704780B487B000AFF860B9607A6071
:1077C000FB681B6A7B61FB681B6A23F01002FB6885
:1077D0001A62FB689B693B613B6923F470433B6120
:1077E0007B681B033A6913433B617B6923F0A00369
:1077F0007B61BB681B017A6913437B61FB683A6953
:107800009A61FB687A691A6200BF1C37BD4680BC6A
:10781000704780B485B000AF786039607B689B6842
:10782000FB60FB6823F07003FB603A68FB6813435E
:1078300043F00703FB607B68FA689A6000BF143767
:10784000BD4680BC704780B487B000AFF860B960B7
:107850007A603B60FB689B687B617B6923F47F43B4
:107860007B613B681A027B681A43BB6813437A69E1
:1078700013437B61FB687A699A6000BF1C37BD4681
:1078800080BC704780B487B000AFF860B9607A60A0
:10789000BB6803F01F03012202FA03F37B61FB685C
:1078A0001A6A7B69DB431A40FB681A62FB681A6A32
:1078B000BB6803F01F03796801FA03F31A43FB68FE
:1078C0001A6200BF1C37BD4680BC704780B485B0CB
:1078D00000AF786039607B6893F83C30012B01D1B0
:1078E000022346E07B68012283F83C207B68022269
:1078F00083F83D207B681B685B68FB607B681B68C6
:107900009B68BB60FB6823F07003FB603B681B68EF
:10791000FA681343FB607B681B68FA685A607B68EF
:107920001B68164A93420ED07B681B68B3F1804FE8
:1079300009D07B681B68124A934204D07B681B689D
:10794000104A93420CD1BB6823F08003BB603B68B4
:107950005B68BA681343BB607B681B68BA689A604F
:107960007B68012283F83D207B68002283F83C205D
:10797000002318461437BD4680BC7047002C0140D8
:10798000000400400008004080B485B000AF78607B
:1079900039600023FB607B6893F83C30012B01D1F8
:1079A00002233DE07B68012283F83C20FB6823F042
:1079B000FF023B68DB681343FB60FB6823F4407203
:1079C0003B689B681343FB60FB6823F480623B6861
:1079D0005B681343FB60FB6823F400623B681B6831
:1079E0001343FB60FB6823F480523B681B6913431D
:1079F000FB60FB6823F400523B685B691343FB6048
:107A0000FB6823F480423B68DB691343FB607B68BF
:107A10001B68FA685A647B68002283F83C200023C4
:107A200018461437BD4680BC704780B483B000AFA1
:107A3000786000BF0C37BD4680BC704780B483B00F
:107A400000AF786000BF0C37BD4680BC704780B483
:107A500083B000AF78600B46FB707B68FA7883F8E0
:107A6000912000BF0C37BD4680BC704780B588B000
:107A700002AFF860084611461A4603467B810B4662
:107A80003B811346FB80FB6893F89230FB74FB7CD0
:107A9000002B0CBF01230023DBB2BB747A89FB8867
:107AA000134498B23B8901339BB23A897989009398
:107AB0000346F86801F0CDF80346002B62D001239D
:107AC000FB7557E03B6A1A78FB7D13407B740023FB
:107AD000BB8213E0BB8A0133BB827B8901337B818C
:107AE000FB7D5B00FB75FB7D002B04D10123FB7547
:107AF0003B6A01333B62FB88013BFB80FB88002B28
:107B000011D07B7C002B07D13B6A1A78FB7D134098
:107B1000DBB2002BDED006E03B6A1A78FB7D134017
:107B2000DBB2002BD6D17B7C002B0FD0FB68FA7C1C
:107B300083F892207A89BB8AD31A99B2BB8A3A8990
:107B400000200090F86800F093FF13E0FB6893F8C2
:107B50009130002B0ED1FB68BA7C83F892207A8991
:107B6000BB8AD31A99B2BB8A3A8900200090F86880
:107B700000F07EFFFB88002BA4D1FB68FA7C83F821
:107B8000922000E000BF1837BD4680BD80B588B0A8
:107B900002AFF860084611461A4603467B810B4641
:107BA0003B811346FB80FB88FB82FB8A0733FB8209
:107BB000FB8ADB08FB827A89FB88134498B23A89F6
:107BC0003B8C13449BB23A89798900930346F86849
:107BD00001F03FF80346002B17D012E0F8883A89ED
:107BE00079897B6A00930346F868FFF73FFFFB8AB9
:107BF0007A6A13447B623B8901333B813B8C013BB6
:107C00003B843B8C002BE9D100E000BF1837BD4618
:107C100080BD80B588B002AFF860084611461A46AC
:107C200003467B810B463B811346FB807B89FB82AD
:107C30007A89FB88134498B23A893B8C13449BB2EF
:107C40003A89798900930346F86801F002F80346FF
:107C5000002B37D0FB883A89798900200090F8689A
:107C600000F006FF3B8C012B2DD93B8C023B3B8463
:107C70003B8901333B813B8C002B1AD03B8C3A89EA
:107C8000798901200090F86800F0F2FE7A89FB887B
:107C900013447B817B89013B7B813B8C3A897989C9
:107CA00001200090F86800F0E3FE3A893B8C134411
:107CB0003B81FB883A89F98A00200090F86800F03F
:107CC000D7FE00E000BF1837BD4680BD80B584B048
:107CD00000AF78607B681B681B7CFB607B6893F857
:107CE00038301A46FB6802FB03F3FB60FB68DB00DD
:107CF000FB607B685B6BFA680021184601F041FF6E
:107D000000BF1037BD4680BD80B586B002AF786039
:107D10000B46FB701346BB707B681B681B7CFB73B8
:107D2000FB78BB817B685B6BBB60FB7B9BB2BA89DA
:107D300002FB03F3BB81BB89DB00BB81BB89BA6853
:107D40001344BB60F97BBA78BB6800930B460021F3
:107D5000786801F0F3FC00BF1037BD4680BD80B5E8
:107D600084B000AF78600023FB737B6893F83830F1
:107D70007B737B6893F83930BB737B681B685B7CD3
:107D80003B73BA7BFB7B19467868FFF7BDFFFB7B33
:107D90000133FB73BB7B0133BB73FA7B7B7B9A4262
:107DA00003D2BA7B3B7B9A42EBD300BF1037BD4670
:107DB00080BD80B582B000AF78607868FFF7CFFFF4
:107DC000786801F00CFD00BF0837BD4680BD00009B
:107DD00080B483B000AF78607B6808221A70034BD0
:107DE00018460C37BD4680BC704700BF1C040020FD
:107DF00080B588B002AFF860B9607A603B603B68DC
:107E000000937B680B4A0C49F86801F047FD07F1C5
:107E100013031846FFF7DCFF7861FA7CBB68009318
:107E2000064B7969F86801F097F800BF1837BD462E
:107E300080BD00BF3D940008F5950008DD8D000869
:107E400080B483B000AF78600B46FB70FB787A6833
:107E500013447B607B681B7818460C37BD4680BC9A
:107E6000704780B485B000AF78600B46FB70FB783C
:107E70007A6813447B607B681B78FB817B680133E5
:107E80007B60FB891B02FB817B681B781A46FB89A0
:107E90001344FB81FB8918461437BD4680BC7047EC
:107EA00080B582B000AF7860396000213868FFF794
:107EB000C7FF03461A467B681A7001213868FFF72E
:107EC000BFFF03461A467B685A7002213868FFF7E5
:107ED000B7FF03461A467B689A7003213868FFF79C
:107EE000AFFF03461A467B68DA7004213868FFF753
:107EF000A7FF03461A467B681A7105213868FFF709
:107F00009FFF03461A467B685A7106213868FFF7BF
:107F100097FF03461A467B689A7107213868FFF776
:107F20008FFF03461A467B68DA7108213868FFF72D
:107F300087FF03461A467B681A7209213868FFF7E3
:107F40007FFF03465AB27B685A720A213868FFF7EE
:107F500077FF03465AB27B689A720B213868FFF7A5
:107F60006FFF03465AB27B68DA720C213868FFF75C
:107F700067FF03465AB27B681A730D213868FFF712
:107F80005FFF03465AB27B685A730E213868FFF7C9
:107F900057FF03465AB27B689A730F213868FFF780
:107FA0004FFF03465AB27B68DA7310213868FFF737
:107FB00047FF03465AB27B681A7411213868FFF7ED
:107FC00050FF03461A467B685A8213213868FFF730
:107FD00048FF03461A467B689A8215213868FFF7E6
:107FE00040FF03461A467B68DA8200BF0837BD4669
:107FF00080BD80B485B000AF78600B46FB707B68B5
:108000001B7B7B737B681B681B78FB73FA7B7B7B1A
:1080100042FA03F3FB737B7BBB73BA7BFB7813449D
:10802000BB73BB7B072B1AD908233B733A7B7B7B43
:10803000D31A3B737B681B685A1C7B681A607B6889
:108040001B681B781A463B7B02FA03F35AB297F976
:108050000F3013435BB2FB73BB7B083BBB73FB78F6
:108060004FF0FF3202FA03F3DBB2DB43DAB2FB7B01
:108070001340FB737B68BA7B1A73FB7B184614377B
:10808000BD4680BC704780B584B000AF78600B46B9
:10809000FB70FB7819467868FFF7ABFF0346FB736C
:1080A0000123BB73FB78013BFB7097F90E20FB7833
:1080B00002FA03F3BB73FA7BBB7BD31ADBB2FB730D
:1080C00097F90F3018461037BD4680BD90B482B086
:1080D00000AF0446084611461A462346FB80034675
:1080E0007B710B463B711346FB70FB78022B14D05F
:1080F000022B19DC002B02D0012B07D014E097F9DA
:1081000004309AB2FB881344FB8014E097F90530E1
:108110009AB2FB881344FB800DE097F904309BB2C0
:10812000FA88D31AFB8006E097F905309BB2FA88EB
:10813000D31AFB8000BFFB8818460837BD4690BCA9
:10814000704790B482B000AF0446084611461A4604
:108150002346FB8003467B710B463B711346FB7045
:10816000FB78022B14D0022B19DC002B02D0012B40
:1081700007D014E097F905309AB2FB881344FB80CE
:1081800014E097F904309BB2FA88D31AFB800DE013
:1081900097F905309BB2FA88D31AFB8006E097F96D
:1081A00004309AB2FB881344FB8000BFFB8818465A
:1081B0000837BD4690BC704780B588B002AF786084
:1081C0000B46FB701346BB707B6860333B61FB78EA
:1081D000FB753B6993F908307B753B6993F909306E
:1081E0003B753B6993F90A30FB73FA7B7B7DD31AAD
:1081F000FB73FB7BBB75FA7DFB7B9A4201D2FB7D57
:10820000BB753B699B88BB813B69DB887B8197F9A8
:10821000151097F914203B691B7CB889FFF791FF73
:108220000346BB8197F9151097F914203B691B7C15
:108230007889FFF74BFF03467B81BB78002B10D07A
:108240003B699A7B7B6883F89220BB7D98B23B693F
:108250001B7C7A89B98900930346786800F008FC92
:1082600013E03B695B7B002B0FD13B69DA7B7B68BA
:1082700083F89220BB7D98B23B691B7C7A89B989CF
:1082800000930346786800F0F3FBFA7DFB7B9A428B
:1082900009D3FA7DFB7BD31AFB7500237B753B7DED
:1082A00001333B759DE700BF7A7DFB7D13447B75F1
:1082B00097F915203B691A7297F914203B695A7295
:1082C00000BF1837BD4680BD80B584B000AF786070
:1082D00039607B686033FB60FB683A681A60FB6852
:1082E00000221A737B6893F878301946F868FFF714
:1082F00080FE03465AB2FB689A727B6893F8793025
:108300001946F868FFF775FE03465AB2FB68DA7241
:108310007B6893F89220FB689A73FB689B7B002B29
:108320000CBF01230023DBB21A46FB68DA7300BFDF
:108330001037BD4680BD000080B58AB002AF7860BE
:1083400039607B6860337B6139687868FFF7BCFF10
:108350007B6893F86B30FB747B6893F87A3019462E
:108360007869FFF790FE0346BB747B6893F87B3017
:1083700019467869FFF787FE03467B747B6893F89C
:108380007C3019467869FFF77EFE03463B747B69B3
:1083900093F90A30002B40F3D7807B699888FA7CE8
:1083A0007B7C1344DBB25B42DBB25AB27B691B7C41
:1083B00097F91210FFF7C5FE03461A467B699A80AB
:1083C0007B69D888FA7C7B7C1344DBB25B42DBB2EE
:1083D0005AB27B691B7C97F91210FFF777FE0346B0
:1083E0001A467B69DA807B699B88FB837B69DB8823
:1083F0007B83FB8BBB837B8B3B837B691B7C032B4E
:108400005AD801A252F823F01984000835840008D4
:108410005D840008918400087B6993F90A309AB260
:10842000BB8B1344BB8397F913309AB23B8B134435
:108430003B8341E097F913309BB2FA8BD31AFB834D
:10844000FB8B0133FB83BB8B0133BB837B6993F9CC
:108450000A309AB23B8B13443B832DE07B6993F93E
:108460000A309BB2FA8BD31AFB83FB8B0133FB835D
:10847000BB8B0133BB8397F913309BB27A8BD31A32
:108480007B837B8B01337B833B8B01333B8313E00B
:1084900097F913309AB2BB8B1344BB837B6993F972
:1084A0000A309BB27A8BD31A7B837B8B01337B831D
:1084B0003B8B01333B8300BFB88B7A8BF98B3B8BB3
:1084C00000930346786800F0C4FB0346002B02D1FA
:1084D00097F910303AE07B6900221A727B6900221A
:1084E0005A727B6893F8763019467869FFF781FDF8
:1084F0000346FB737B6893F8773019467869FFF77A
:1085000078FD0346BB73FB7B002219467868FFF7B2
:1085100053FEBB7B012219467868FFF74DFE01210F
:108520007869FFF766FD0346002BECD17B6993F970
:10853000093097F913209A4200DDD2E700BF7B692A
:108540009A7B7B6883F8922097F910301846203781
:10855000BD4680BD80B586B000AF78600B467B809D
:108560007B689B6D7B617B6917337B617B88FF2B0D
:108570002AD87B88602B07D97B68B3F888301A46E5
:108580007B6913447B6109E07B88402B06D97B68BB
:10859000B3F886301A467B6913447B617B690133EB
:1085A0001B78002B4ED07B691B781A467B88934240
:1085B00002D17B69023349E07B6901331B781A469B
:1085C0007B6913447B61E9E77B68B3F88A301A461C
:1085D0007B6913447B617B693B6100213869FFF74C
:1085E00040FC03461A467B6913447B6102213869CB
:1085F000FFF737FC0346FB813B6904333B61FA8993
:108600007B889A42E9D37B691B78FB81FB891B023B
:10861000FB817B6901331B781A46FB891343FB817D
:10862000FB89002B10D0FA897B889A4202D17B69A2
:1086300003330BE07B6902331B781A467B691344D2
:108640007B61E0E700BF00E000BF00231846183759
:10865000BD4680BD80B586B000AFF86008461146C3
:108660001A4603467B810B463B811346FB80002361
:10867000FB82FB687A89A3F86420FB683A89A3F837
:108680006620FB881946F868FFF764FF38613B698C
:10869000002B05D03969F868FFF74EFE0346FB82D0
:1086A000FB8A18461837BD4680BD80B483B000AF42
:1086B00078600B46FB707B68FA7883F86D2000BF0A
:1086C0000C37BD4680BC704780B584B000AFF86001
:1086D000084611461A4603467B810B463B811346EA
:1086E000FB80FB6893F87030032B33D801A252F85B
:1086F00023F000BF05870008198700082D870008B0
:1087000041870008FB68DB6DF868984703461A4606
:108710003B8913443B811DE0FB68DB6DF86898479B
:1087200003461A467B899B1A7B8113E0FB68DB6D4D
:10873000F868984703461A463B899B1A3B8109E033
:10874000FB68DB6DF868984703461A467B8913443B
:108750007B8100BFFB883A897989F868FFF77AFF47
:10876000034618461037BD4680BD00BF80B586B0B1
:1087700000AFF8607B600B467B8113463B81F86855
:1087800000F02FFD0023FB82FB685B687A6812789B
:108790001146F86898470346BB82BB8A4FF6FF72C2
:1087A000934238D07B6801337B60BB8A4FF6FE7200
:1087B0009342E9D0BB8A3A897989F868FFF784FF48
:1087C00003467B82FB6893F87030032B1ED801A20E
:1087D00052F823F0E5870008EF870008F9870008C2
:1087E000038800087A897B8A13447B810EE03A89EA
:1087F0007B8A13443B8109E07A897B8AD31A7B8187
:1088000004E03A897B8AD31A3B8100BFFA8A7B8ACB
:108810001344FB82B8E700BFFB8A18461837BD46F1
:1088200080BD00BF80B584B000AFF8607B600B46B0
:108830007B8113463B81FB68064A5A603A897989F5
:108840007B68F868FFF792FF034618461037BD466D
:1088500080BD00BFFD91000880B483B000AF786098
:108860007B689B6D002B5DD07B6893F981207B68D2
:1088700083F88E207B6893F982207B6883F88F20B1
:108880007B6893F88D30002B4DD07B6893F88D304A
:10889000012B1CD17B6893F98E207B6893F9833080
:1088A0009A4205DA7B6893F983207B6883F88E20EF
:1088B0007B6893F98F207B6893F984309A4232DD8C
:1088C0007B6893F984207B6883F88F202BE07B689A
:1088D00093F98E301A467B6893F97E3019467B688F
:1088E00093F980300B449A420DDA7B6893F97E301D
:1088F000DAB27B6893F98030DBB21344DBB25AB250
:108900007B6883F88E207B6893F98F207B6893F9CE
:1089100080309A4207DD7B6893F980207B6883F87A
:108920008F2000E000BF0C37BD4680BC704780B48C
:1089300083B000AF7860002318460C37BD4680BC7A
:108940007047000080B483B000AF78607B68034A52
:10895000DA6500BF0C37BD4680BC70472F89000820
:1089600080B582B000AF786039607B689B6D3A68F3
:108970009A420BD07B683A689A657B687433396891
:108980001846FFF78DFA7868FFF766FF00BF0837D3
:10899000BD4680BD80B487B000AFF860B9601146B5
:1089A0001A460B46FB801346BB80FB681B88FB8284
:1089B000FB8ABB82BB681A88BB8A1344BB82FA8AD3
:1089C000BB8A9A420BD9FA8ABB889A4205D2BB88E5
:1089D000BB82BB8A013BBB8201E0FB88FB82FA8A37
:1089E000BB889A4201D300231CE0BA8AFB889A42D2
:1089F00001D8002316E0FA8AFB889A4201D2FB884C
:108A0000FB82BA8ABB889A4201D9BB88BB82FB68C9
:108A1000FA8A1A80BA8AFB8AD31ABB82BB68BA8ADE
:108A20001A80012318461C37BD4680BC704790B59C
:108A300087B002AFF860084611461A4603467B81AC
:108A40000B463B811346FB80FB68DB8F3A89D31AC8
:108A50003B81FB68DC6AF8883A89798997F820308D
:108A600000930346F868A04700BF1437BD4690BD89
:108A700090B587B002AFF860084611461A46034623
:108A80007B810B463B811346FB80FB6893F88C305F
:108A9000002B75D0FB88002B72D0FB88012B1AD9D4
:108AA00097F82030022B09D17A89FB88D31A9BB220
:108AB0007B817B8901339BB27B810CE097F820306E
:108AC000032B08D13A89FB88D31A9BB23B813B899F
:108AD00001339BB23B8197F8203003F0010387F804
:108AE000203097F82030002B1AD1FB68B3F84C20C7
:108AF0003B899A423BD8FB68B3F84E203B899A42A7
:108B000037D9FB68B3F84820FB68B3F84A30B91D81
:108B100007F10A00FFF73EFF0346002B1AD12FE0B2
:108B2000FB68B3F848207B899A4224D8FB68B3F8E5
:108B30004A207B899A4220D9FB68B3F84C20FB6815
:108B4000B3F84E30B91D07F10800FFF723FF0346C5
:108B5000002B14D0FB681B6B9C6879893A89F888D4
:108B600097F8203000930346F868A04708E000BF5C
:108B700006E000BF04E000BF02E000BF00E000BF6D
:108B80001437BD4690BD80B584B002AF78600B4607
:108B90007B8013463B807B68B3F84C303A889A421E
:108BA0001AD37B68B3F84E303A889A4216D27B6863
:108BB000B3F848307A889A4212D37B68B3F84A30C7
:108BC0007A889A420ED23A8879880023009301234A
:108BD0007868FFF74DFF06E000BF04E000BF02E049
:108BE00000BF00E000BF0837BD4680BD90B482B032
:108BF00000AF0446084611461A462346FB8003464A
:108C0000BB800B467B8013463B807A88BB889A42A8
:108C10000DD23A88FB889A4201D9012314E07A8860
:108C20003B889A4201D901230EE000230CE03A88E8
:108C3000FB889A4207D97A883B889A4201D9012356
:108C400002E0002300E0002318460837BD4690BC30
:108C5000704780B584B000AFF860084611461A46E8
:108C600003467B810B463B811346FB80FB68B3F8D0
:108C70004C00FB68B3F84E103B8B3A89FFF7B6FF08
:108C80000346002B01D100230AE0FB68B3F848003B
:108C9000FB68B3F84A10FB887A89FFF7A7FF034601
:108CA00018461037BD4680BD80B588B000AFF8606B
:108CB000084611461A4603467B810B463B81134604
:108CC000FB800023FB747A89FB889A4204D97A8955
:108CD000FB88D31A7B8303E0FA887B89D31A7B83D2
:108CE0003A893B8D9A4204D93A893B8DD31A3B830A
:108CF00003E03A8D3B89D31A3B833A8B7B8B9A42B4
:108D000013D90123FB747B8B3B823B8B7B833B8A98
:108D10003B837B893B823B897B813B8A3B81FB8810
:108D20003B823B8DFB803B8A3B857A89FB889A425C
:108D30000BD97B893B82FB887B813B8AFB803B890B
:108D40003B823B8D3B813B8A3B857B8B5B089BB2A7
:108D5000FB823A8D3B899A4202D90123BB8202E011
:108D60004FF6FF73BB823B89BB83FB884FF6FF72D4
:108D7000934202D1FB88013BFB807B89FB8324E08B
:108D8000FB7C002B06D1BA8BFB8B1946F868FFF7EA
:108D9000FAFE05E0FA8BBB8B1946F868FFF7F3FE85
:108DA000FA8A3B8BD31A9BB2FB82B7F91630002BA1
:108DB00008DABA8ABB8B1344BB83FA8A7B8B1344D1
:108DC0009BB2FB82FB8B0133FB83FA8BFB889A42BD
:108DD000D6D900BF00BF2037BD4680BD80B489B062
:108DE00000AFF860084611461A4603467B810B46E1
:108DF0003B811346FB803B89FB76FB7E03F0070338
:108E0000FB7601233B763A7EFB7E02FA03F33B7648
:108E10000023BB7600237B76FB6893F89230012B0E
:108E200001D83B7EBB76FB6893F89230012B01D0D2
:108E30003B7E7B763B89FB82FB8A23F00703FB8228
:108E4000FB681B681B7C1A46FB8A02FB03F3FB8250
:108E5000FB685B6BFB61FB8AFA691344FB617B89EE
:108E6000FA691344FB6197F82830002B17D1FB698E
:108E70001A78BB7E1343DAB2FB691A70FB691A7861
:108E80007B7E5340DAB2FB691A70FB690133FB61E8
:108E9000FB88013BFB80FB88002BE8D138E0FB69B5
:108EA0001A78BB7E1343DAB2FB691A70FB691A7831
:108EB0007B7E5340DAB2FB691A70FB7E0133FB768E
:108EC000FB7E03F00703FB76FB88013BFB80FB7E08
:108ED000002B14D1FB685B8F1A46FB691344FB61BE
:108EE000FB6893F89230012B01D80123BB76FB6815
:108EF00093F89230012B08D001237B7605E0BB7EEE
:108F00005B00BB767B7E5B007B76FB88002BC6D14B
:108F100000BF2437BD4680BC704780B582B000AF2B
:108F200078607B680022A3F850207B680022A3F8B9
:108F300054207B684FF6FF72A3F852207B684FF6EF
:108F4000FF72A3F856207B681B6B5B6878689847B4
:108F500000BF0837BD4680BD80B584B000AFF86063
:108F6000B9603B601346FB71FB6800229A65FB68A1
:108F70003A68DA62FB68BA685A63FB68FA7983F880
:108F80003820FB68002283F83920FB68002283F830
:108F90006D20FB68002283F89120FB68002283F893
:108FA0008D20FB68012283F89220FB68012283F860
:108FB0009320FB68BA691A63FB681B6B1B68F8682F
:108FC0009847F868FFF7A9FFF868FFF7BBFCFB6854
:108FD000002283F8702000BF1037BD4680BD80B4EA
:108FE00085B000AF78607B681B68BB607B6893F8D6
:108FF0003830FB81FB89DB00FB817B68FA899A872B
:10900000BB681B7CFB81FB89DB00FB817B68FA89E9
:109010005A877B6893F83930FB81FB89DB00FB8141
:109020007B68FA89DA877B6893F83830FB81FB89A3
:109030007A6892F839201344BA68527C934207DD6B
:10904000BB685B7C1A467B6893F83930D31AFB8186
:10905000FB89DB00FB817B68DA8F7B68A3F840200B
:109060007B68B3F840207B68A3F842207B68B3F8A4
:109070004220FB8913449AB27B68A3F84220BB6864
:109080009A8A7B68A3F84420BB68DA8A7B68A3F8D5
:10909000462000BF1437BD4680BC704780B584B001
:1090A00002AF78607B68B3F850107B68B3F8542047
:1090B0007B68B3F852007B68B3F8563000930346E0
:1090C0007868FFF7C6FD0346002B04D17B680022B9
:1090D00083F88C203BE07B68012283F88C207B683E
:1090E000B3F848207B68B3F850309A4205D27B68C9
:1090F000B3F850207B68A3F848207B68B3F84A2077
:109100007B68B3F852309A4205D97B68B3F8522095
:109110007B68A3F84A207B68B3F84C207B68B3F8DF
:1091200054309A4205D27B68B3F854207B68A3F888
:109130004C207B68B3F84E207B68B3F856309A42D7
:1091400005D97B68B3F856207B68A3F84E2000BF92
:109150000837BD4680BD80B582B000AF78607868C2
:10916000FFF73DFF00BF0837BD4680BD80B582B028
:1091700000AF78607B680022A3F848207B68B3F8D2
:1091800044207B68A3F84A207B68B3F840207B68C2
:10919000A3F84C207B68B3F842207B68A3F84E20EC
:1091A0007868FFF77BFF00BF0837BD4680BD80B5FC
:1091B00086B002AFF860084611461A4603467B8126
:1091C0000B463B811346FB80F8883A8979893B7EC0
:1091D00000930346F868FFF72AFC00BF1037BD462E
:1091E00080BD80B483B000AF78607B68002283F8D4
:1091F000262000BF0C37BD4680BC704780B483B0CA
:1092000000AF78600B46FB70FB78002B02D0FB7838
:109210000A2B02D14FF6FF7301E0FB789BB2184690
:109220000C37BD4680BC704790B585B000AFF86084
:109230000B467A60FB72FB681C69FA7A7B6817211F
:10924000F868A047034618461437BD4690BD80B560
:1092500082B000AF78600B46FB70FB1C1A46012100
:109260007868FFF7E1FF034618460837BD4680BD22
:1092700090B583B000AF78607B681C690023002242
:1092800018217868A047034618460C37BD4690BDA4
:1092900090B583B000AF78607B681C690023002222
:1092A00019217868A047034618460C37BD4690BD83
:1092B00090B583B000AF78600B46FB707B68DC68CC
:1092C000FA78002315217868A047034618460C3722
:1092D000BD4690BD90B583B000AF78600B46FB7083
:1092E0007B68DC68FA78002316217868A04703467B
:1092F00018460C37BD4690BD90B585B000AFF860FC
:109300000B467A60FB72FB68DC68FA7A7B6817218F
:10931000F868A047034618461437BD4690BD90B57F
:1093200083B000AF78607B68DC68002300221821DE
:109330007868A047034618460C37BD4690BD90B5E7
:1093400083B000AF78607B68DC68002300221921BD
:109350007868A047034618460C37BD4690BD90B5C7
:1093600085B000AF786039603B681B78FB733B6861
:1093700001333B60FB7BFE2B31D0FE2B3DDC192BF8
:109380003BDC182B23DA162B02DC152B03DA34E036
:10939000172B0ED031E03B681B78BB737B68DC6811
:1093A000BA7BF97B00237868A0473B6801333B60B8
:1093B00022E03B681B78BB7307F10E031A460121BC
:1093C0007868FFF799FF3B6801333B6014E07B68E6
:1093D000DC68F97B002300227868A0470CE03B683A
:1093E0001B78BB73BB7B1A462921786800F006FA0C
:1093F0003B6801333B6000BFB6E700BF1437BD4692
:1094000090BD90B585B000AFF8600B467A60FB72F6
:10941000F868FFF72DFF4021F868FFF718FFFB6899
:109420001C69FA7A7B681721F868A047F868FFF78B
:109430002FFF00BF1437BD4690BD000090B587B028
:1094400000AFF8607B600B46FB721346BB72FB7A81
:10945000143B052B48D801A252F823F0C59400080C
:10946000759400087594000895940008ED94000820
:10947000ED940008F868FFF7FBFE0021F868FFF79D
:10948000E6FEBB7A1946F868FFF7E1FEF868FFF7D9
:10949000FFFE2CE07B687B610AE07A691821F8689E
:1094A000FFF7AFFFBB7A183BBB727B6918337B6158
:1094B000BB7A182BF1D8BB7A7A691946F868FFF79E
:1094C000A0FF14E0FB6893F82430FF2B03D1FB6866
:1094D000782283F82420FB681C69BA7AF97A7B68C1
:1094E000F868A047034603E0002301E000BF012322
:1094F00018461C37BD4690BD80B586B000AFF860F9
:109500007B600B46FB721346BB72FB7A0F2B06D0B7
:109510000F2B63DC0B2B44D00E2B4FD05EE0F86892
:10952000FFF7FDFE7B685B79FB75FB7DDB00FB7560
:10953000FB6893F82220FB7D1344FB75FB7D1B0920
:10954000DBB243F01003DBB21946F868FFF7B0FE58
:10955000FB7D03F00F03DBB21946F868FFF7A8FEA6
:109560007B689B7963F04F03DBB21946F868FFF71D
:109570009FFE7B681B79BB757B681B683B61BB7D6D
:10958000DB00DBB23A691946F868FFF7B5FEBB7A33
:10959000013BBB72BB7A002BEBD1F868FFF7CFFE23
:1095A0001EE0BB7A002B04D11049F868FFF7D7FE04
:1095B00016E00F49F868FFF7D2FE11E0F868FFF7F0
:1095C000AEFE8121F868FFF773FEBB7A1946F86892
:1095D000FFF780FEF868FFF7B2FE01E0002300E02D
:1095E000012318461837BD4680BD00BF9CD4000833
:1095F000A4D4000880B584B000AFF8607B600B464F
:10960000FB721346BB72BA7AF97A7B68F868FFF787
:1096100073FF0346002B01D0012332E0FB7A0D2BB0
:1096200006D00D2B2ADC092B23D00A2B19D025E0DC
:10963000BB7A002B0AD11549F868FFF790FEFB684A
:109640001B689A7CFB6883F8222019E01049F868AF
:10965000FFF785FEFB681B68DA7CFB6883F8222035
:109660000EE0F86800F02DF80A49F868FFF777FE79
:1096700006E00949F86800F011F801E0002300E075
:10968000012318461037BD4680BD00BFACD400088A
:10969000B4D40008BCD40008E8D4000880B483B077
:1096A00000AF786039607B683A681A607B681B6835
:1096B0009A7C7B6883F8222000BF0C37BD4680BCB3
:1096C000704790B583B000AF78607B685C69002319
:1096D000002228217868A0477B68DC6800230022EC
:1096E00014217868A04701224B21786800F086F8A1
:1096F0007B681B681B791A462921786800F07EF880
:1097000000224B21786800F079F87B681B681B7990
:109710001A462921786800F071F801224B217868F7
:1097200000F06CF87B681B685B791A462921786821
:1097300000F064F800BF0C37BD4690BD90B585B011
:1097400000AF7860084611461A460346FB700B4688
:10975000BB7013467B70FB787B73BB78BB737B78E5
:109760003B733B6ABB607B689C6807F1080301227E
:109770000F217868A047034618461437BD4690BDB0
:1097800090B583B000AF78607B689C6800230022AE
:1097900009217868A04700BF0C37BD4690BD90B541
:1097A00083B000AF78607B689C68002300220A21A8
:1097B0007868A04700BF0C37BD4690BD90B583B018
:1097C00000AF78600B46FB707B689C68FA780023DA
:1097D0000B217868A04700BF0C37BD4690BD90B5FF
:1097E00083B000AF78607B689C6800230022102162
:1097F0007868A04700BF0C37BD4690BD90B583B0D8
:1098000000AF78600B46FB701346BB707B685C69E9
:10981000BA78F97800237868A04700BF0C37BD46B6
:1098200090BD80B485B000AFF8607B600B46FB72E2
:109830001346BB72002318461437BD4680BC7047E0
:1098400080B483B000AF78607B6800221A607B68C8
:10985000114A9A607B68104ADA607B680E4A1A6186
:109860007B680D4A5A617B68002283F823207B685D
:10987000002283F826207B6800229A617B68FF2201
:1098800083F824207B68FF2283F8282000BF0C3750
:10989000BD4680BC704700BF2398000880B584B0E7
:1098A00000AFF860B9607A603B60F868FFF7C8FF06
:1098B000FB68BA689A60FB687A68DA60FB683A68A5
:1098C0001A61FB68BA695A61F868FFF759FF00BF6F
:1098D0001037BD4680BD000038B5104B04461D68EA
:1098E0002B6BB3B9182000F02FFA0246286320B979
:1098F00046210B4B0B4800F0C1F90B490B4BC0E95B
:1099000000130B4B002183600B2383810120C2E9EC
:10991000040100222B6B1C615A6138BD48000020F5
:1099200000D5000817D500080E33CDAB34126DE614
:10993000ECDE0500002310B50446C0E90033C0E9A1
:109940000433836081814366C281836119460822A2
:109950005C3000F016F90D4B246263620C4BA3627D
:109960000C4BE3620C4B23630C4B9C4206D003F17F
:109970006802944202D0D0339C4205D104F15800D1
:10998000BDE8104000F076B910BD00BFFD9A000898
:109990001F9B0008579B00087B9B00081C080020A9
:1099A000024A0349034800F069B800BF3C000020A8
:1099B00085A500084C00002041680C4B10B5994269
:1099C000044601D000F0DEFDA168094B994202D0A7
:1099D000204600F0D7FDE168064B994204D02046AE
:1099E000BDE8104000F0CEBD10BD00BF1C08002037
:1099F00084080020EC08002010B50B4B0B4C0C4ADF
:109A000020461A6004210022FFF794FF04F1680049
:109A100001220921FFF78EFF04F1D0000222BDE8E8
:109A200010401221FFF786BF540900201C080020B7
:109A3000A1990008014800F01EB900BF5D0900208F
:109A4000014800F019B900BF5D09002010B50446B7
:109A5000FFF7F0FF236A1BB1BDE81040FFF7F0BF2E
:109A6000044B2362044B1B68002BF5D1FFF7C4FFA6
:109A7000F2E700BFB9990008540900202DE9F84326
:109A80000746884614460026D4E90195B9F1010934
:109A900005D52468002CF7D13046BDE8F883AB89A2
:109AA000012B07D9B5F90E30013303D029463846CA
:109AB000C04706436835E9E70EB46FF0004110B5C2
:109AC00000249DB01FAB02900690079104910948B5
:109AD000094953F8042B0591006802A901931B94CE
:109AE00000F044FA029B1C701DB0BDE8104003B0AA
:109AF000704700BF480000200802FFFF10B50C4669
:109B0000B1F90E1000F068F80028ABBF636DA389AF
:109B10001B1823F48053ACBF6365A38110BD2DE9EE
:109B2000F0411F468B890546DB050C46164605D5D8
:109B300002230022B1F90E1000F03CF8A38932464E
:109B400023F48053A38128463B46B4F90E10BDE8A8
:109B5000F04100F053B810B50C46B1F90E1000F00A
:109B600029F8431CA38915BF606523F4805343F48F
:109B70008053A38118BFA38110BDB1F90E1000F06E
:109B800009B803460244934200D1704703F8011B11
:109B9000F9E7000038B50023054D044608462B6060
:109BA000FAF7C1FA431C02D12B6803B1236038BD18
:109BB0005809002038B50446084611460022054DD4
:109BC0002A601A46FAF7D3FA431C02D12B6803B174
:109BD000236038BD5809002038B5044608461146B0
:109BE0000022054D2A601A46FAF764FA431C02D196
:109BF0002B6803B1236038BD5809002038B50446EE
:109C0000084611460022054D2A601A46FAF76FFAF7
:109C1000431C02D12B6803B1236038BD58090020D2
:109C2000014B1868704700BF4800002070B500263F
:109C30000C4D0D4C641BA410A64209D101F026FA6C
:109C400000260A4D0A4C641BA410A64205D170BD23
:109C500055F8043B98470136EEE755F8043B984722
:109C60000136F2E7E0D50008E0D50008E0D50008AD
:109C7000E4D5000870477047704700001FB51446D0
:109C80001A46094B05461B68D8684CB1074BCDE90D
:109C9000013400912B46064900F09CFC00F086FD43
:109CA000044B1C46F3E700BF480000206FD50008B6
:109CB0007CD50008AAD5000838B50546002940D053
:109CC00051F8043C0C1F002BB8BFE41800F0E6F874
:109CD0001C4A136833B9636014602846BDE83840F5
:109CE00000F0E2B8A34208D9206821188B4201BFD6
:109CF00019685B6809182160EDE71A465B680BB1CB
:109D0000A342FAD911685018A0420BD1206801442F
:109D1000501883421160E0D118685B6808441060F5
:109D20005360DAE702D90C232B60D6E720682118AC
:109D30008B4201BF19685B68091821606360546039
:109D4000CBE738BD64090020024B0146186800F0DB
:109D500025B800BF4800002070B50F4E0C46316892
:109D6000054611B900F0F6FC30602146284600F0A7
:109D7000F1FC431C03D14FF0FF34204670BDC41CDE
:109D800024F00304A042F8D0211A284600F0E2FC97
:109D90000130F2D1EFE700BF600900202DE9F84360
:109DA000CD1C25F0030508350C2D38BF0C25002DE2
:109DB000064601DBA94204D90C2333600020BDE82C
:109DC000F883DFF8D48000F069F8D8F800301C463A
:109DD00044BB29463046FFF7BFFF431C044658D119
:109DE000D8F800402746002F43D1002C4BD02368E1
:109DF0003946304604EB030900F0ACFC814542D102
:109E0000216830466D1A2946FFF7A6FF01303AD087
:109E100023682B442360D8F800305A6862BBC8F826
:109E200000700FE02268521B20D40B2A17D9611949
:109E3000A342256018BF5960636808BFC8F80010C6
:109E400062514B60304600F02FF804F10B00231DE7
:109E500020F00700C21A1CBF1B1AA350AFE76268AC
:109E6000A3420CBFC8F800205A60EBE723466468A1
:109E7000AEE73C467F68B6E71A465B68A342FBD173
:109E800000235360DEE70C233046336000F00CF80B
:109E900094E70560D6E700BF640900200148FFF79A
:109EA000EABE00BF5C0900200148FFF7E5BE00BF25
:109EB0005C0900202DE9F0471F468E688246BE42AD
:109EC0000C4690460B682DD8B1F90C2012F4906F17
:109ED00026D06569096905EB4505A3EB010905EB8A
:109EE000D5757B1C4B446D109D4238BF1D465305F4
:109EF00027D52946FFF752FF064660B34A46216937
:109F000000F046FCA38923F4906343F08003A3810F
:109F100026614E4426603E466561A5EB0905A560B5
:109F2000BE4200D93E4632464146206800F0F8FB6A
:109F30000020A3689B1BA360236833442360BDE813
:109F4000F0872A4600F039FC06460028E0D150464A
:109F50002169FFF7B1FE0C23CAF80030A3894FF046
:109F6000FF3043F04003A381E9E700002DE9F04F03
:109F700098468B8907461B060D4614469DB010D5A2
:109F80000B6973B94021FFF709FF2860286130B9D8
:109F90000C233B604FF0FF301DB0BDE8F08F402335
:109FA0006B610023099320238DF8293030234FF073
:109FB0000109CDF80C80DFF898818DF82A3023460E
:109FC0009A4613F8012B0AB1252AF9D1BAEB040BF2
:109FD0000BD05B46224629463846FFF76BFF01301F
:109FE00000F0A780099A5A4409929AF80030002B91
:109FF00000F09F8000234FF0FF32CDE905230AF1E6
:10A00000010A049307938DF853301A93544605229E
:10A0100014F8011B4E4800F0ADFB049AD8B9D006E5
:10A0200044BF20238DF85330110744BF2B238DF8F4
:10A0300053309AF800302A2B15D0544600204FF0A8
:10A040000A0C079A214611F8013B303B092B4BD9EA
:10A05000B0B1079214E0A0EB080309FA03F313432D
:10A06000A2460493D2E7039B191D1B680391002BA2
:10A07000BBBF5B4242F0020207930793B8BF049252
:10A0800023782E2B0AD163782A2B32D1039B0234FA
:10A090001A1D1B68039243EAE3730593DFF8B4A02B
:10A0A00003225046217800F065FB38B14022049B22
:10A0B000A0EB0A00824013430134049314F8011BFF
:10A0C000062225488DF8281000F054FB002836D0D1
:10A0D000224B1BBB039B073323F007030833039377
:10A0E000099B334409936AE70C4601200CFB0232BA
:10A0F000A8E700234FF00A0C1946013405932046C7
:10A1000010F8012B303A092A03D9002BC6D005914B
:10A11000C4E7044601230CFB0121F0E703AB0093E5
:10A120002A4638460E4B04A9AFF30080421C06466F
:10A13000D6D1AB895B063FF52DAF09982CE703AB71
:10A1400000932A463846064B04A900F07DF8EDE757
:10A15000ABD50008B1D50008B5D500080000000057
:10A16000B59E00082DE9F047164698468A680B69A7
:10A1700007469342B8BF1346336091F843200C461C
:10A18000DDF820900AB1013333602368990642BF9D
:10A19000336802333360256815F0060506D104F1F3
:10A1A000190AE36832689B1AAB422BDC94F84330FF
:10A1B0002268003B18BF0123920630D4414638463E
:10A1C00004F14302C847013023D02368226903F019
:10A1D0000603042B14BF002533684FF0000608BFA8
:10A1E000E56804F11A0408BFED1A54F8123C08BFE0
:10A1F00025EAE5759342C4BF9B1AED18B5421AD102
:10A20000002008E00123524641463846C847013045
:10A2100003D14FF0FF30BDE8F0870135C1E73020B2
:10A22000E11881F843005A1C94F845102244023387
:10A2300082F84310C2E70123224641463846C84708
:10A240000130E6D00136D9E72DE9FF470F7E914670
:10A25000782F80460C469A460C9E01F1430207D89F
:10A26000622F0AD8002F00F0D180582F00F0B8805C
:10A2700004F1420684F842703AE0A7F16303152B1B
:10A28000F6D801A151F823F0E1A20008F5A20008D8
:10A2900071A2000871A2000871A2000871A2000852
:10A2A000F5A2000871A2000871A2000871A20008BE
:10A2B00071A20008F3A300081FA30008ADA30008C3
:10A2C00071A2000871A2000815A4000871A200087C
:10A2D0001FA3000871A2000871A20008B5A300081E
:10A2E00033681A1D1B68326004F1420684F842305C
:10A2F00001239CE033682068191D3160060601D5F2
:10A300001D6803E04506FBD5B3F90050002D03DAC4
:10A310002D236D4284F843300A23584811E0216808
:10A320003368080653F8045B02D4490648BFADB24F
:10A330006F2F336014BF0A2308235048002184F88C
:10A3400043106668002EA66005DB21682E4321F0CD
:10A35000040121604BD01646B5FBF3F103FB115706
:10A36000C75D06F8017D2F46BB420D46F4D9082B88
:10A370000BD12368DF0708D5236961689942DEBFE6
:10A38000302306F8013C06F1FF36921B22614B4652
:10A3900021464046CDF800A003AAFFF7E3FE0130B6
:10A3A0004AD14FF0FF3004B0BDE8F087236843F096
:10A3B000200323607827324884F845702368316889
:10A3C0001F0651F8045B02D45F0648BFADB231608E
:10A3D000D90744BF43F0200323601DB11023ADE72C
:10A3E0002648E9E7236823F020032360F6E71646B2
:10A3F000BDE733682568181D616930602E061B684B
:10A4000001D5196002E06806FBD5198000231646C5
:10A410002361BCE7336800211A1D32601E68626840
:10A42000304600F0A7F908B1801B606063682361C3
:10A43000002384F84330AAE7324649464046236960
:10A44000D0470130ADD023689B0713D4E068039B4D
:10A450009842B8BF1846A6E701233246494640460F
:10A46000D04701309DD00135E36803995B1AAB42B8
:10A47000F2DCEBE7002504F11906F5E7BCD500088E
:10A48000CDD50008B1F90C20F8B5160705460C46E5
:10A4900054D44B68002B02DC0B6C002B48DDE66AC1
:10A4A000002E45D0002312F480522F68216A2B60C1
:10A4B00030D0626DA389590705D56368D21A636BE2
:10A4C0000BB1236CD21A00232846E66A216AB047F2
:10A4D000431CA38906D129681D292BD8284ACA40C4
:10A4E000D60727D5002262602269D904226004D5EC
:10A4F000421C01D12B6803B96065616B2F60B9B153
:10A5000004F14403994202D02846FFF7D5FB00230B
:10A5100063630DE001232846B0470246501CC9D1B1
:10A520002B68002BC6D01D2B01D0162B1DD12F6000
:10A53000002021E043F040031BB21AE00F69002F16
:10A54000F6D0930718BF00230E6808BF4B69F61BAF
:10A550000F608B60002EEBDD33463A462846216AB9
:10A56000D4F828C0E047002807DCB4F90C3043F0E9
:10A5700040034FF0FF30A381F8BD0744361AE9E7E6
:10A580000100402038B50B6905460C4613B900257B
:10A59000284638BD18B1036A0BB9FFF757FAB4F96A
:10A5A0000C30002BF3D0626ED00704D4990502D48E
:10A5B000A06DFFF760FB28462146FFF763FF636E3F
:10A5C0000546DA07E4D4A3899B05E1D4A06DFFF723
:10A5D00053FBDDE70EB403B5014603AB054853F862
:10A5E000042B0068019300F03DF902B05DF804EB24
:10A5F00003B0704748000020F8B50E4614460546E3
:10A6000018B1036A0BB9FFF721FAA369A360A38904
:10A610001A0701D5236943B92146284600F02AF8D4
:10A6200018B14FF0FF373846F8BD23682269F6B2FB
:10A63000981A63693746834205DC21462846FFF7AE
:10A64000A1FF0028EDD1A368013BA36023685A1C39
:10A6500022601E706269431C9A4204D0A389DB0702
:10A66000E1D50A2EDFD121462846FFF78BFF0028CF
:10A67000D9D0D6E738B5294B054618680C4618B12D
:10A68000036A0BB9FFF7E2F9B4F90C30190722D4C9
:10A69000DA0607D409222A6043F040034FF0FF3066
:10A6A000A38133E0580712D5616B41B104F1440333
:10A6B000994202D02846FFF7FFFA00236363A3897B
:10A6C00023F02403A3810023636023692360A3890B
:10A6D00043F00803A38123694BB9A38903F42073D2
:10A6E000B3F5007F03D02146284600F0F8F9B4F90D
:10A6F0000C3013F001020AD00022A26062695242BB
:10A70000A261226942B913F08000C5D138BD990712
:10A7100058BF6269A260F4E70020F7E74800002014
:10A72000884210B501EB020402D98442234607D8BF
:10A73000431EA14208D011F8012B03F8012FF8E7BE
:10A74000014602448A4200D110BD13F8014D02F8BF
:10A75000014DF7E738B50023054D044608462B6048
:10A76000F9F712FD431C02D12B6803B1236038BDF9
:10A7700058090020034610B5C9B202449342184656
:10A7800001D1002003E0047801338C42F6D110BDE2
:10A790000A44914200F1FF3300D1704710B511F81F
:10A7A000014B914203F8014FF9D110BD062008B5C5
:10A7B00000F0FAF90120F9F772FC2DE9F0410746A3
:10A7C00014460D4621B91146BDE8F041FFF7E6BA3F
:10A7D0002AB9FFF771FA25462846BDE8F08100F056
:10A7E00021FA8442064602D8B4EB500FF4D8214631
:10A7F0003846FFF7D3FA804608B94546ECE7B4423D
:10A800002246294628BF3246FFF7C2FF294638466E
:10A81000FFF752FAF1E7936810B4013B002B936005
:10A8200007DA9469A34201DB0A2902D110BCFFF7C1
:10A83000E3BE1368581C10601970084610BC7047BE
:10A84000F8B506460F461446D518AC4201D1002093
:10A8500007E03A46304614F8011BFFF7DCFF431CC3
:10A86000F3D1F8BD2DE9F04F0D4614469846064643
:10A870009DB018B1036A0BB9FFF7E8F86B6ED90702
:10A8800005D4AB899A0502D4A86DFFF7F4F9AB891A
:10A890001B0701D52B699BB929463046FFF7EAFE15
:10A8A00070B16B6EDC0704D54FF0FF301DB0BDE812
:10A8B000F08FAB899805F7D4A86DFFF7DDF9F3E7C2
:10A8C0000023099320238DF8293030234FF001090C
:10A8D000CDF80C80DFF8A8818DF82A3023469A46FF
:10A8E00013F8012B0AB1252AF9D1BAEB040B0BD0CE
:10A8F0005B46224629463046FFF7A2FF013000F0B2
:10A90000A780099A5A4409929AF80030002B00F067
:10A910009F8000234FF0FF32CDE905230AF1010AA1
:10A92000049307938DF853301A935446052214F874
:10A93000011B5348FFF71EFF049AD8B9D10644BF44
:10A9400020238DF85330130744BF2B238DF8533049
:10A950009AF800302A2B15D0544600204FF00A0CEC
:10A96000079A214611F8013B303B092B4BD9B0B176
:10A97000079214E0A0EB080309FA03F31343A2467D
:10A980000493D2E7039B191D1B680391002BBBBFE7
:10A990005B4242F0020207930793B8BF0492237808
:10A9A0002E2B0AD163782A2B32D1039B02341A1D35
:10A9B0001B68039243EAE3730593DFF8C8A0032200
:10A9C00050462178FFF7D6FE38B14022049BA0EB19
:10A9D0000A00824013430134049314F8011B062239
:10A9E00029488DF82810FFF7C5FE00283FD0274BD7
:10A9F0001BBB039B073323F0070308330393099B17
:10AA00003B4409936AE70C4601200CFB0232A8E79D
:10AA100000234FF00A0C194601340593204610F824
:10AA2000012B303A092A03D9002BC6D00591C4E77F
:10AA3000044601230CFB0121F0E703AB00932A46F7
:10AA40003046134B04A9AFF300800746781CD6D1DB
:10AA50006B6ED90705D4AB899A0502D4A86DFFF7B0
:10AA60000BF9AB895B063FF51FAF09981EE703ABF7
:10AA700000932A463046064B04A9FFF7E5FBE4E7BE
:10AA8000ABD50008B1D50008B5D50008000000001E
:10AA900041A8000870B50C46B1F90E101546002902
:10AAA0001E4696B00CDAA389002113F0800F14BF64
:10AAB00040234FF48063002031602B6016B070BDDE
:10AAC0006A4600F079F80028EDDB019901F4704145
:10AAD000A1F50053594259414FF48063EBE78B894C
:10AAE000F7B59D0706460C4607D504F147032360DA
:10AAF00023610123636103B0F0BD6A4601ABFFF738
:10AB0000C9FF009F054639463046FFF747F948B967
:10AB1000B4F90C309A05EED423F0030343F002039A
:10AB2000A381E2E7A389C4E9040743F08003A3817A
:10AB3000019B20605BB13046B4F90E1000F04EF876
:10AB400028B1A38923F0030343F00103A381A38960
:10AB50001D43A581CFE71F2938B505460C4604D90A
:10AB6000162303604FF0FF3038BDC26B12B152F8AC
:10AB700021304BB9284600F053F8224601462846BA
:10AB8000BDE8384000F03AB8012B0AD0591C03D177
:10AB9000162303600120E7E70021204642F8241035
:10ABA00098470020E0E70000024B01461868FFF7D5
:10ABB000D2BF00BF4800002038B50023064D044630
:10ABC000084611462B60F9F7B9FA431C02D12B68ED
:10ABD00003B1236038BD00BF5809002038B50023F9
:10ABE000054D044608462B60F9F7B7FA431C02D11D
:10ABF0002B6803B1236038BD5809002038B5002305
:10AC0000064D0446084611462B60F9F738FA431CF6
:10AC100002D12B6803B1236038BD00BF5809002062
:10AC2000F9F726BA51F8043C181F002BBCBF0B588B
:10AC3000C0187047F8B504460D4600F075F8224676
:10AC400006460F462B4620462946F5F7D7FE98B90B
:10AC50000022002320462946F5F7C6FE60B90022EF
:10AC6000002320462946F5F797FE40B1FEF7D8FFAE
:10AC700022230026064F036030463946F8BDFEF712
:10AC8000CFFF212303600348BDE8F84000F004B87B
:10AC90000000F0FFAAD5000800200149704700BF5E
:10ACA0000000F87F70B5C0F3C7557F3D162D0146F3
:10ACB000044620F0004626DC002D0FDA1749F5F790
:10ACC000E1FE0021F6F7A2F930B1002C23DA002EC4
:10ACD000134C08BF4FF0004421461AE0114E2E419C
:10ACE000304216D00D49F5F7CDFE0021F6F78EF96A
:10ACF0000028F1D0002CBEBF4FF400032B41E41814
:10AD000024EA0604E8E7B6F1FF4F02D3F5F7BAFEEE
:10AD10000146084670BD0024DEE700BFCAF2497153
:10AD2000000080BFFFFF7F002DE9F04FB1F5801FCD
:10AD300002460B460D4687B024DA21F00044044356
:10AD400008D1002200230020CB49F5F7E7FC07B02B
:10AD5000BDE8F08F002904DAF5F7FEF900220023A0
:10AD6000F3E70022C54BF5F7AFFB0B460D46024655
:10AD70006FF03501C248854206DD10461946F5F7E9
:10AD8000EDF9E4E70021F5E72C15A4F2FF34C5F353
:10AD900013050C4405F5152101F6647101F48016C4
:10ADA00086F07F5181F4401141EA050310461946AF
:10ADB0000022B44BF5F7D0F9AB1CC3F31303022BFD
:10ADC00082468B464FF0000204EB165453DC0023FE
:10ADD000F5F7E2FDD0B1002C00F020812046F5F718
:10ADE00009FB91A3D3E9002306460F46F5F76CFB58
:10ADF0008FA3D3E9002304460D4630463946F5F7C4
:10AE000063FB02460B4620462946B8E78AA3D3E9EE
:10AE1000002350465946F5F757FB02460B460020E3
:10AE20009949F5F799F9524606460F465B46504652
:10AE30005946F5F749FB02460B4630463946F5F7C9
:10AE400043FB06460F4614B932463B46A0E0204677
:10AE5000F5F7D0FA74A3D3E9002380468946F5F7C5
:10AE600033FB73A3D3E9002304460D46404649460D
:10AE7000F5F72AFBA5E04FF08043F5F76FF902469E
:10AE80000B4650465946F5F749FCCDE900012046EE
:10AE9000F5F7B0FADDE90023CDE9020110461946C5
:10AEA000F5F712FB02460B46CDE90423F5F70CFB40
:10AEB00063A3D3E9002380468946F5F705FB62A327
:10AEC000D3E90023F5F74AF942464B46F5F7FCFA79
:10AED0005FA3D3E90023F5F741F942464B46F5F766
:10AEE000F3FA5DA3D3E90023F5F738F9DDE904238C
:10AEF000F5F7EAFA5AA3D3E90023CDE90401404665
:10AF00004946F5F7E1FA58A3D3E90023F5F726F906
:10AF100042464B46F5F7D8FA55A3D3E90023F5F797
:10AF20001DF942464B46F5F7CFFA02460B46DDE9DE
:10AF30000401F5F713F9A5F5C226C5F5D725A6F244
:10AF40007A4651353543002D8046894648DD00223A
:10AF50004D4B50465946F5F7B7FA52465B46F5F762
:10AF6000B3FA02460B4606460F4640464946F5F7F9
:10AF7000F5F8DDE90023F5F7A7FA8046894664B9BC
:10AF800002460B4630463946F5F7E6F802460B46D0
:10AF900050465946F5F7E0F8D9E623A3D3E9002354
:10AFA000DDE90201F5F790FA21A3D3E90023044675
:10AFB0000D46DDE90201F5F787FA42464B46F5F703
:10AFC000CDF802460B4630463946F5F7C5F85246ED
:10AFD0005B46F5F7C1F802460B4620462946D9E7FD
:10AFE00002460B4650465946F5F7B6F8DDE9002310
:10AFF000F5F76AFA06460F46002C3FF425AF0AA380
:10B00000D3E90023DDE90201F5F75EFA08A3D3E9ED
:10B01000002304460D46DDE9020129E70020002156
:10B0200095E600BFAFF300800000E0FE422EE63F51
:10B03000763C7935EF39EA3D555555555555D53F4F
:10B0400044523EDF12F1C23FDE03CB966446C73F57
:10B05000599322942449D23F935555555555E53F70
:10B060009FC678D0099AC33FAF788E1DC571CC3F7B
:10B0700004FA97999999D93F000050C300005043B2
:10B08000FFFFEF7F0000F03F0000E03FF8B500BF9A
:10B09000F8BC08BC9E467047F8B500BFF8BC08BCB9
:04B0A0009E46704711
:10B0A40043415053544F4E452050524F4A45435408
:10B0B400000000004D50505420496E7465726C6558
:10B0C4006176656420426F6F7374000050726F6A1A
:10B0D40065637420417468656E6100005E5F5E00A4
:10B0E4007374617274696E672E2E2E0062756E6EB3
:10B0F400790000006973206A756D70696E670000DD
:10B104002E2E2E0025752E25303175562000000078
:10B1140025752E25303175412000000025642563F6
:10B1240043200000256425250000000025752E25F8
:10B1340030317557200000004D505054204D4F447D
:10B1440045203E2E3C0000004142534F52502F43B5
:10B1540056204D4F44450000464C4F4154204D4F1E
:10B164004445205E6F5E00005354414E44425920D2
:10B17400285E2F2F2F5E2900FE0001016D016D0155
:10B1840001016D016D0101016D016D010101FE00FF
:10B19400FE7F01C055B001887D860181818061AA4E
:10B1A40011800DBE0380FE7F380E280AC63101408F
:10B1B40001401140394E1140014001400140FE3F21
:10B1C400000000E0FF0F200008C0FF07800002809D
:10B1D4000002800002807C020039010092000044D9
:10B1E4000000280000280000440000920000010133
:10B1F400807C0280FE0280FE02800002C0FF0720E5
:10B204000008E0FF0F000000000000000000000044
:10B21400000000000000000000000000000000002A
:10B22400000000000000000000000000000000001A
:10B23400000000000000000000000000000000000A
:10B2440000000000000000000000000000000000FA
:10B2540000000000000000000000000000000000EA
:10B2640000000000000000000000000000000000DA
:10B2740000000000000000000000000000000000CA
:10B2840000000000000000000000000000000000BA
:10B2940000000000000000000000000000000000AA
:10B2A400000000000000000000000000000000009A
:10B2B400000000000000000000000000000000008A
:10B2C400000000E08F1F0000000000E08F1F00005E
:10B2D400000000E08F1F00000000001C70E001006F
:10B2E4000000001C70E001000000001C70E0010080
:10B2F4000000001C78E001000000001C78E0010060
:10B304000000001C78E001000000001C78E001004F
:10B314000000001C78E001000000001C78E001003F
:10B324000000001C78E001000000001C78E001002F
:10B334000000001C78E001000000001C78E001001F
:10B344000000800300000F000000800300000F00D5
:10B354000000800300000F00000080030F1C0F009A
:10B36400000080030F1C0F00000080030F1C0F005F
:10B374000000F0030F1C0F000000F0030F1C0F006F
:10B384000000F0030F1C0F000000AF038A0B0F0036
:10B3940000008F0380030F0000008F0380030F0061
:10B3A40000008F0380030F0000007F1C00E00100F9
:10B3B40000007F1C00E0010000007F1C00E0010091
:10B3C40000000FE0FF1F000000000FE0FF1F00005F
:10B3D40000000FE0FF1F000000000F1C701C0000A5
:10B3E40000000F1C701C000000000F1C701C0000EB
:10B3F4000000FFFFFF1F00000000FFFFFF1F000011
:10B404000000FFFFFF1F000000000000000000001C
:10B414000000000000000000000000000000000028
:10B424000000000000000000000000000000000018
:10B434000000000000000000000000000000000008
:10B4440000000000000000000000000000000000F8
:10B4540000000000000000000000000000000000E8
:10B4640000000000000000000000000000000000D8
:10B4740000000000000000000000000000000000C8
:10B4840000000000000000000000000000000000B8
:10B4940000000000000000000000000000000000A8
:10B4A4000000000000000000000000E08F1F00000A
:10B4B400000000E08F1F0000000000E08F1F00006C
:10B4C4000000001C70E001000000001C70E001009E
:10B4D4000000001C70E001000000001C7AF4010070
:10B4E4000000001C7AE401000000001C7AF4010052
:10B4F4000000001C7AE401000000001C7AF4010042
:10B504000000001C7AE401000000001C7AF4010031
:10B514000000001C7AE401000000001C7AF4010021
:10B524000000001C78E401000000800300000F000C
:10B534000000800300000F000000800300000F00E3
:10B54400000080030F1C0F00000080030F1C0F007D
:10B55400000080030F1C0F00000080030F1C0F006D
:10B56400000080030F1C0F00000080030F1C0F005D
:10B574000000F00380030F000000F00380030F00BD
:10B584000000F00380030F0000005F1D80E205004F
:10B5940000000F1C00E0010000000F1C00E001008F
:10B5A40000000F1C00E0010000007FE0FF1F00000E
:10B5B40000007FE0FF1F000000007FE0FF1F00008D
:10B5C40000000F00701C000000000F00701C000041
:10B5D40000000F00701C000000000FFCFF1F0000A3
:10B5E40000000FFCFF1F000000000FFCFF1F000005
:10B5F4000000FF1F000000000000FF1F000000000B
:10B604000000FF1F00000000000000000000000018
:10B614000000000000000000000000000000000026
:10B624000000000000000000000000000000000016
:10B634000000000000000000000000000000000006
:10B6440000000000000000000000000000000000F6
:10B6540000000000000000000000000000000000E6
:10B6640000000000000000000000000000000000D6
:10B67400000000E08F1F0000000000E08F1F0000AA
:10B68400000000E08F1F0000000000BCFAEA000088
:10B694000000001C70E001000000001C70E00100CC
:10B6A4000000001C70E001000000001C7AF401009E
:10B6B4000000001C7AE401000000001C7AF4010080
:10B6C4000000001C7AE401000000001C7AF4010070
:10B6D4000000001C7AE401000000001C7AF4010060
:10B6E4000000001C7AE401000000001C7AF4010050
:10B6F4000000800300000F000000800300000F0022
:10B704000000800300000F00000080030F1C0F00E6
:10B71400000080030F1C0F00000080030F1C0F00AB
:10B72400000080030F1C0F00000080030F1C0F009B
:10B73400000080030F1C0F00000080030F1C0F008B
:10B744000000800380030F000000800380030F00CB
:10B754000000800380030F000000701C00E0010063
:10B764000000701C00E001000000701C00E00100FB
:10B7740000000FE0FFFF010000000FE0FFFF0100E9
:10B7840000000FE0FFFF010000007FA0AAF7010006
:10B7940000007F0080E3010000007F0080E30100DF
:10B7A40000007F0080E3010000000FE0FFFF0100C4
:10B7B40000000FE0FFFF010000000FE0FFFF0100A9
:10B7C40000000F1C0000000000000F1C000000001F
:10B7D40000000F1C000000000000FF1F000000001C
:10B7E4000000FF1F000000000000FF1F0000000019
:10B7F4000000000000000000000000000000000045
:10B804000000000000000000000000000000000034
:10B814000000000000000000000000000000000024
:10B824000000000000000000000000000000000014
:10B834000000000000000000000000000000000004
:10B8440000000000000000000000000000000000F4
:10B8540000000000000000000000000000000000E4
:10B8640000000000000000000000000000000000D4
:10B87400000000E08F1F0000000000E08F1F0000A8
:10B88400000000E08F1F0000000000BCFAEA000086
:10B894000000001C70E001000000001C70E00100CA
:10B8A4000000001C70E001000000001C7AF401009C
:10B8B4000000001C7AE401000000001C7AF401007E
:10B8C4000000001C7AE401000000001C7AF401006E
:10B8D4000000001C7AE401000000001C7AF401005E
:10B8E4000000001C7AE401000000001C7AF401004E
:10B8F4000000800300000F000000800300000F0020
:10B904000000800300000F00000080030F1C0F00E4
:10B91400000080030F1C0F00000080030F1C0F00A9
:10B92400000080030F1C0F00000080030F1C0F0099
:10B93400000080030F1C0F00000080030F1C0F0089
:10B944000000F00380030F000000F00380030F00E9
:10B954000000F00380030F0000000F1C00E0010052
:10B9640000000F1C00E0010000000F1C00E00100BB
:10B9740000007FE0FF1F000000007FE0FF1F0000C9
:10B9840000007FE0FF1F000000005FA0FA1E00001F
:10B9940000000F00701C000000000F00701C00006D
:10B9A40000000F00701C000000000F1C701C000041
:10B9B40000000F1C701C000000000F1C701C000015
:10B9C4000000FFFFFF1F00000000FFFFFF1F00003B
:10B9D4000000FFFFFF1F0000000000000000000047
:10B9E4000000000000000000000000000000000053
:10B9F4000000000000000000000000000000000043
:10BA04000000000000000000000000000000000032
:10BA14000000000000000000000000000000000022
:10BA24000000000000000000000000000000000012
:10BA34000000000000000000000000000000000002
:10BA440000000000000000000000000000000000F2
:10BA540000000000000000000000000000000000E2
:10BA640000000000000000000000000000000000D2
:10BA740000000000000000000000000000000000C2
:10BA840000000000000000000000000000000000B2
:10BA940000000000000000000000000000000000A2
:10BAA4000000000000000000000000E08F1F000004
:10BAB400000000E08F1F0000000000E08F1F000066
:10BAC4000000001C70E001000000001C70E0010098
:10BAD4000000001C70E001000000001C7AF401006A
:10BAE4000000001C7AE401000000001C7AF401004C
:10BAF4000000001C7AE401000000001C7AF401003C
:10BB04000000001C7AE401000000001C7AF401002B
:10BB14000000001C7AE401000000001C7AF401001B
:10BB24000000001C78E401000000800300000F0006
:10BB34000000800300000F000000800300000F00DD
:10BB4400000080030F1C0F00000080030F1C0F0077
:10BB5400000080030F1C0F000000F0030F1C0F00F7
:10BB64000000F0030F1C0F000000F0030F1C0F0077
:10BB740000008F0380030F0000008F0380030F0079
:10BB840000008F0380030F000000FF1E80E2050009
:10BB940000007F1C00E0010000007F1C00E00100A9
:10BBA40000007F1C00E0010000000FE0FF1F000008
:10BBB40000000FE0FF1F000000000FE0FF1F000067
:10BBC40000000F1C701C000000000F1C701C000003
:10BBD40000000F1C701C00000000FF1F701C000000
:10BBE4000000FF1F701C00000000FF1F701C0000FD
:10BBF400000000E0FF1F0000000000E0FF1F000045
:10BC0400000000E0FF1F0000000000000000000032
:10BC14000000000000000000000000000000000020
:10BC24000000000000000000000000000000000010
:10BC34000000000000000000000000000000000000
:10BC440000000000000000000000000000000000F0
:10BC540000000000000000000000000000000000E0
:10BC640000000000000000000000000000000000D0
:10BC740000000000000000000000000000000000C0
:10BC840000000000000000000000000000000000B0
:10BC940000000000000000000000000000000000A0
:10BCA4000000000000000000000000000000000090
:10BCB4000000000000000000000000000000000080
:10BCC400000000E08F1F0000000000E08F1F000054
:10BCD400000000E08F1F00000000001C70E0010065
:10BCE4000000001C70E001000000001C70E0010076
:10BCF4000000001C7AF401000000001C7AE401003A
:10BD04000000001C7AF401000000001C7AE4010029
:10BD14000000001C7AF401000000001C7AE4010019
:10BD24000000001C7AF401000000001C7AE4010009
:10BD34000000001C7AF401000000001C7AF40100E9
:10BD44000000800300000F000000800300000F00CB
:10BD54000000800300000F00000080030F1C0F0090
:10BD6400000080030F1C0F00000080030F1C0F0055
:10BD74000000F0030F1C0F000000F0030F1C0F0065
:10BD84000000F0030F1C0F000000DF0385170F00F5
:10BD940000008F0380030F0000008F0380030F0057
:10BDA40000008F0380030F0000007F1C00E00100EF
:10BDB40000007F1C00E0010000007F1C00E0010087
:10BDC40000000FE0FF1F000000000FE0FF1F000055
:10BDD40000000FE0FF1F000000000F1C701C00009B
:10BDE40000000F1C701C000000000F1C701C0000E1
:10BDF4000000FFFFFF1F00000000FFFFFF1F000007
:10BE04000000FFFFFF1F0000000000000000000012
:10BE140001020304060708090000000001020304EC
:10BE240002030405060708090A0B0C0D0E0F101077
:10BE34000102000002030405060708090A0B0C0DA1
:10BE44000E0F1010010200005F000202030302043F
:10BE540004040600FF05FF05FF00E901D302B62034
:10BE64000580CD002106E9C8AC00220693CB241539
:10BE7400230AACC8A434541A2A012409B3C7A5A1BF
:10BE8400474A002508ABC864D446012609ACC8C596
:10BE940014AB98022705D1CB082807F2C7A966007E
:10BEA4002908B2C7C45429002A07ABC8A46A352B91
:10BEB40008ABC8C5B462022C0692C729002D058BB5
:10BEC400CA0C2E05C9C8042F07ABC8566504300830
:10BED400ABC8554355003107ABC825590D3207ABE4
:10BEE400C835531A3308ABC8CC9417003408ABC810
:10BEF400243562013508ABC88CA817003607ABC8D7
:10BF04004DD5023708ABC8CC5446003807ABC8AD92
:10BF1400D6023907ABC8B5E4023A06E1C8C4003B0F
:10BF240007AAC765A8003C07ABC8A6BA003D069B94
:10BF3400C9EC013E07ABC8E4AA043F08ABC8E894C7
:10BF440061024006ABC82D5B4108ABC85543A9004C
:10BF54004208ABC8A8B4D2024308ABC85532550056
:10BF64004408ABC8A8642D004508ABC88CA8E200FF
:10BF74004608ABC88CA862044708ABC8CDA492009D
:10BF84004808ABC82435940A4907ABC8AC580D4AD5
:10BF940007ABC896AA024B08ABC824B5920A4C0753
:10BFA400ABC8C4E6004D08ABC8A431940A4E08AB34
:10BFB400C8AAA124004F07ABC85556055008ABC802
:10BFC400A8B462045107B3C755561D5208ABC8A89C
:10BFD400B4920A5307ABC8EDBC005407ABC8ACD845
:10BFE400025507ABC824D7085608ABC8246BA40471
:10BFF4005708ABC82435860A5808ABC824D5520163
:10C004005908ABC8245556005A07ABC8CC540E5B2C
:10C0140006EAC8AC4A5C07ABC8C45C065D06AAC89D
:10C02400A86A5E0593CB355F058BC70C6006D2CB3F
:10C03400C4006107A3C82D95046208ABC84495D415
:10C04400026306A3C8CD2C6408ABC8A6A5920065FC
:10C0540006A3C855536608ABC8A6B462026708AB0A
:10C06400C7AD2417006808ABC84495AC006908AB99
:10C07400C86524D3006A08B3C766582E006B08ABA2
:10C08400C8C4B4920A6C07ABC8C8D6006D08A3C86C
:10C09400A4A154006E07A3C8A864056F07A3C855DC
:10C0A400AA027008ABC7A8B462047108ABC72D9587
:10C0B40064007208A3C8A41523007307A3C88DBC29
:10C0C400007408ABC8A51573007507A3C8242B0911
:10C0D4007607A3C824AB027708A3C8243554007894
:10C0E40007A3C8A432157908ABC72495E4027A07DC
:10C0F400A3C8CC94067B08B3C7A624EB007C06E94E
:10C10400C80C017D09B3C7E4A8628A007E0794CBFA
:10C1140025950000000004FFFF000000BF0002029C
:10C124000304030504060A00FE07FE070001420299
:10C134009207B320050062072107394367A800224C
:10C14400079B52275901230D3D42AF4C69A86AA8A9
:10C15400322500240B3D4237AF7AA7B42300250BC8
:10C164003D422FAAEEAA251300260C3D422FA79884
:10C17400729564540127051953672808BB42379503
:10C1840075012908BB42279755092A0A2D4627A776
:10C194006AA876002B0A2D4637A3386446112C076B
:10C1A4009B3E4F95002D060D4E67082E079B3E2F94
:10C1B400AD042F0B3D421F6594BB514600300A3D30
:10C1C4004237A7DA4E7504310C3D4237CB945146C1
:10C1D40019C521320C3D426FE58CA2CC190D0133F7
:10C1E4000C3D42676894B3863A2D00340C3D423FBF
:10C1F400CB54A6A1334A00350B3D42E746C9CC488F
:10C20400A705360B3D4257E68C92A9D302370C3D65
:10C214004267689433CA35CA00380B3D426F659D46
:10C2240056D66901390C3D426F65A95446394A0016
:10C234003A0ABB3E2FAD0CD34A003B09BB3E2FAD9F
:10C244000C55093C0ABC423FB6514619053D081D30
:10C254004A676838043E0BBC4227A38C328A6D00BF
:10C264003F0A3D426FE536CA7404400B3D426F6598
:10C27400B99295E102410B3D4237A75A8F9175005F
:10C28400420C3D4267C42AA659C5A100430C3D4255
:10C294006F658D32CA28A705440D3D4267C42AA69E
:10C2A40098628A4301450C3D42E746198D945146F4
:10C2B40043460D3D42E746198D9451461901470CFA
:10C2C4003D426F658D328A3B2D0048093D4227DB94
:10C2D40063643B4908BB4267C5AE014A0C3D4277E3
:10C2E400679451466594004B0B3D4227CB54EA14A6
:10C2F400AB1C4C0E3D4227A38C32CA28A38C86006B
:10C304004D0A3D4227EBB592B6034E0A3D4227EB58
:10C31400A992DC3A4F093D426F65EFB400500D3DE0
:10C324004267A4AC87CA28A38C00510A453E6F65B6
:10C33400AF6AC300520B3D4267A4AC872AAB1C53BF
:10C344000B3D426F650D37D46901540E3D4267C8F9
:10C354008C32CA28A38C220055083D4227FB4E0B81
:10C36400560B3D4227DBA94C31E508570A3D4227CD
:10C37400BB924A7700580A3D4227EB5457B50E59F1
:10C384000C3D4227EB5467945146115A0A3D4267CB
:10C394006894BBD1105B08BB4267C4CE015C0D3D01
:10C3A4004227A30C33CC30C38C025D08BB426776B2
:10C3B4008E005E071D5237A73A5F060D3E67086080
:10C3C40006125B2706610A2D426FC334741A016298
:10C3D4000C3D4227A38C92A9A75200630A2D426FF9
:10C3E400658D725A00640B3D421F6594CC2D950AED
:10C3F400650A2D426FE531325C00660C3D425756AA
:10C4040079C48C32CA00670C3D3A6F689D46463A3F
:10C414002D00680B3D4227A38C92A9ED006908BB4F
:10C42400422F23D91A6A0BCC3A3F635D4B9914000F
:10C434006B0C3D4227A38CB24CB3CA016C07BB42C0
:10C4440047F61A6D0A2D4247B5545249076E082D16
:10C45400422799DA0E6F092D426F653B2D00700C4F
:10C464003D3A27997A2A95514600710B3D3ACFDC23
:10C4740052A98C320A720B2D4227991A6594110025
:10C48400730A2D426F65B8E15000740D3D422FA32D
:10C494003C624619C5A80075082D42273B950A76CB
:10C4A4000A2D4227EB54A61C0177092D42275B492C
:10C4B400750178092D4227A7BAAA03790B3D3A27BB
:10C4C4009B4A65A4D3027A082D4267E8F6107B0BD9
:10C4D400BC42576594348A19097C063943E7087DC0
:10C4E4000CBC4247A39891CA2849007E091D522FCB
:10C4F400AA241300A005006207A1073943270D01F0
:10C50400A20C3D3E370F15534C79C408A30B3D4292
:10C5140057567967149502A40A2D4227A799E2CAAF
:10C5240001A50D453E27EB54C72133CA2802A606B0
:10C534003943670DA70B453E6F65343B374A0BA85B
:10C54400068B5E2705A90C3D426F6595A64A3A2DD8
:10C5540000AA0AB4466F44A56A3402AB0B2E42B754
:10C564008A29E6986300AC07944A67E400AD068C18
:10C574004E6704AE0B3D426FE591E6D46901AF0608
:10C584000D5E6708B0069B52AF0BB10B354237A363
:10C594003864467108B208AC4E4FC5E608B30AAC1D
:10C5A4004E67A3A4D14800B406125B4F01B50A3507
:10C5B4003E27DB53A98C00B60E3D426F8C34525299
:10C5C40031C5145300B705094F27B806123B4F0174
:10C5D400B907AB4E2FC96ABA0AB4464F4599341C01
:10C5E40001BB0C2E4227E698638A294600BC104EF4
:10C5F4003E2F230D33CC6866A4531C1906BD104E80
:10C604003E2F230D33CC686554C38C321ABE0E4DB5
:10C614003E47C39C619459A634320ABF0A3D42374F
:10C62400D319E5D602C00C45422FC3BCB21E23EB7E
:10C6340000C10B4542BF5E598F917500C20C454243
:10C6440037A7B8B21E23EB00C30C45422F2AB9B258
:10C654001E23EB00C40B4542AFA656D663641DC52A
:10C664000C454237A7B8B21E23EB00C60B3E4277F7
:10C67400A4B239466C0EC70D4D3A6F658D32CA2887
:10C68400A75D03C80E45422F8F8D321A29A38C86CD
:10C6940000C90E45423F8D8D321A29A38C8600CAEB
:10C6A4000E4542378E8D321A29A38C8600CB0E4557
:10C6B40042AF1A1B65345246190D01CC09C34227F7
:10C6C400A7155B03CD09C34237A5155B03CE09C388
:10C6D40042AF1A29B606CF09C34227E5155B03D03A
:10C6E4000D3D4267C42A8E54A6381400D10B45422E
:10C6F40037754F95E4D601D20B45422FC3BCB23BEC
:10C704002D00D30A4542BF5ED99D1600D40B454285
:10C7140037A7B8B23B2D00D50A454237355776A71F
:10C7240005D60A4542AFA65676A705D7092D422756
:10C73400A7BAAA03D80B3D426FC52BCD991600D9D1
:10C744000A45422FC3DA3B2D00DA094542BFCCDE4D
:10C754006901DB0B454237A78CB33B2D00DC0A454E
:10C7640042AFC6D93B2D00DD0C4542BFCC3AD519AA
:10C77400651401DE0E3D4227A391F2501965941110
:10C7840000DF0B3D426F6599CA2A2B05E00C454238
:10C794002FC34C6E98864E23E10B4542BF26374C7F
:10C7A40043A711E20C454237A74C6D98864E23E30C
:10C7B4000C454237B5A90DD3D06904E40B3D42AF13
:10C7C400A6364C43A711E50C454237A79C374C438A
:10C7D400A711E60B2E426F64548D998700E70B3D39
:10C7E4003A6F658D72DA3500E80C45422FC34CAEC2
:10C7F4003C46860BE90B4542BF26571E23C305EA78
:10C804000C454237A74CAD3C46860BEB0B3D42AF83
:10C81400A6561E23C305EC09C3422767245B03ED18
:10C8240008C342AF86B235EE08C342AF2D5B03EFB7
:10C8340008BB422765D91AF00B3D424743B9B29D64
:10C844001600F10A454237B57132B51DF20B454267
:10C854002FC34CAE6CA705F30A4542BF2657B6D387
:10C8640002F40B454237A74CAD6CA705F50B4542C6
:10C8740037B5A995EDB400F60A3D42AFA656B6D336
:10C8840002F7092D463753435311F80A2D426FC856
:10C8940095E65000F90B45422FC34C65A75201FAA7
:10C8A4000A4542BFA6B253A900FB0B454237A78CE9
:10C8B400B353A900FC0A3D42AFC6D9A95400FD0CEC
:10C8C4004D3ABFCCA65219E9B400FE0D453A27A350
:10C8D40091B23D54461901FF0D4D3AAFC6D9542AC1
:10C8E400239D160000000004FFFF00005F00020209
:10C8F4000304030504050C00FE07FE08FF013902CA
:10C904008503AC2005006A072107394367A8002284
:10C91400079B56275901230B3542AF1AAA4C69A825
:10C924000A240D4D3E37AF4AE59D54B52300250931
:10C934003D4247CEDC3905260C3D422FA79872951F
:10C944006454012705195767280ACB3E37C514EBF1
:10C954009803290BCB3E27C71CAB9822002A0A3D1B
:10C9640042B7AA765ECD082B0A2D4637A338644613
:10C97400112C071B3E4F8D042D060D4E67082E0605
:10C98400924267042F0C3D421FE58C728D72460063
:10C994003009BC424F45CFA4003108BB422FC9AE79
:10C9A40001320A3D426FE58C727B08330C3D4267CD
:10C9B4006894B3863A2D00340C3D423FCB54A6A173
:10C9C400334A00350C3D42E74623C38C745A003683
:10C9D4000C3D4257E68C46CA3A2D00370D3D42675E
:10C9E400689433CA19651401380B3D426F659D562E
:10C9F400D66901390C3D426F659D4646394A003A75
:10CA040007AA4267C4113B09333ECF466A24003C5F
:10CA140007AB4637D5053D081D4A676838043E080C
:10CA2400AB46275725003F0A3D426FE536CA7404DA
:10CA3400400C3D426F6535525223C305410A3D42C5
:10CA44006F653D46B603420C3D4267C42AA659C5EC
:10CA5400A100430C3D426F658D32CA28A705440DE1
:10CA64003D4267C42AA698628A4301450C3D42E7C9
:10CA740046198D94514643460D3D42E746198D941F
:10CA840051461901470C3D426F658D328A3B2D009A
:10CA940048093D4227DB63643B4908BB4267C5AE96
:10CAA400014A0C3D4277679451466594004B0B3D17
:10CAB4004227CB54EA14AB1C4C0E3D4227A38C32C4
:10CAC400CA28A38C86004D093D4227AF95B43B4E3E
:10CAD4000A3D4227EBA992DC3A4F093D426F65EFCC
:10CAE400B400500D3D4267A4AC87CA28A38C005102
:10CAF4000A3D426F6557925105520B3D4267A4AC03
:10CB0400872AAB1C530B3D426F650D37D469015422
:10CB14000E3D4267C88C32CA28A38C220055083DBA
:10CB24004227FB4E0B560A3D4227BB5399720457CA
:10CB3400093D42277B25D505580A3D4227EB54572A
:10CB4400B50E590C3D4227EB5467945146115A0ACD
:10CB54003D42676894BBD1105B08CB3E67C43E0777
:10CB64005C0D3D4227C38C32CC30A30C035D08CB53
:10CB74003E67F639025E071D5637A73A5F060D3A3F
:10CB8400670860069B562717610A2D426FC33474E9
:10CB94001A01620C3D4227A38C46CAF65000630A70
:10CBA4002D426F658D725A00640B3D421F65948659
:10CBB400B6D308650A2D426FE5A1325C00660B3DD1
:10CBC4004257567967945106670B3D3A6F653B8D22
:10CBD4008CD202680B3D4227A38C46CAEE0069083A
:10CBE400BB422F23D91A6A0ACC3A3F63DD96490126
:10CBF4006B0C3D4227A38CB24CB3CA016C07BB42F9
:10CC040047F61A6D0A2D4247B5545249156E082D40
:10CC1400422799DA0E6F092D426F653B2D00700C87
:10CC24003D3A67A46C0F95514600710B3D3A6F680D
:10CC34003B8D8C320A720B2D4227991A6594110090
:10CC4400730A2D426F68B8E15000740C3D4237A35B
:10CC540038644619652875082D42273B950A7609DC
:10CC64002D4227DBA98E0077092D42275B497501E8
:10CC740078092D4227A7BAAA03790A3D3A27DBA9E6
:10CC84006E23007A082D4267E8F6107B09CB3E3705
:10CC9400C52AC73A7C06493FE7017D0ACB3E27C730
:10CCA4003AC52A027E091D4A2FAA24130000000057
:10CCB40004FFFF00000000005F00030303040305FA
:10CCC40004060D00FE09FE0AFF016502C0040C20E3
:10CCD40005006E0721074A43C7930022081D5A879F
:10CCE400844500230C3E460F8962A1584814002451
:10CCF4000B3E46978C4263A18900250F4E428FE478
:10CD04001021CA142987880400260C3E428F8C44C3
:10CD1400931D22A20227061A5B8701280CDC3E978A
:10CD2400442411E9269209290DDC3E874C2413E999
:10CD3400229288002A0B2E4A874842B15044022B83
:10CD44000A2E4A975064128A002C089C3ECF44094C
:10CD5400002D060E5287012E089C3E8F8422012F3F
:10CD64000C4E42A79A50A628130A01300C4E429743
:10CD74008C22E249421301310A4E42976C44D49307
:10CD840001320B4E420F454412CA7434330D4E42E5
:10CD94008751A6461592241400340E4E429F5036F5
:10CDA4002245B4D8841200350E4E42C72128AC4C1B
:10CDB4008442928402360E4E42D7482614562624C4
:10CDC400928402370D4E42875126940965423500FC
:10CDD400380E4E420F45C424A18898241400390DFE
:10CDE4004E420F45C43229AA8946003A0CC4428FE8
:10CDF400842287492812003B0BC43E8F8422874D2E
:10CE040094003C084E42A74C571D3D07264A871DF7
:10CE14006A3E094E428754371D013F0E4E420F456C
:10CE24004412CA14E5301100400C4E420F45C4723E
:10CE34003858A405410C4E42978C22623A8C9804CF
:10CE4400420D4E424749A2179244970B00430B4EA2
:10CE5400420F4544D4938402440B4E424749A2FFF7
:10CE6400CB0500450B4E42C721A858112A1A460B80
:10CE74004E42C721A858116A04470D4E420F45443B
:10CE8400D45222492800480B4E428788D361C449B2
:10CE9400004909CC420745A42F044A0B4E421751BE
:10CEA4008F240905004B0E4E42878845429A9124EF
:10CEB4004A24014C084E4287503F1A4D0B4E42877C
:10CEC4008874780871124E0D4E4287A852391C247A
:10CED4004D24014F0B4E420F45C44F120A00500B14
:10CEE4004E424745C474116A04510B563E0F45C463
:10CEF400A743842A520D4E424745C474214994489D
:10CF040002530E4E420F45449452852409050054A1
:10CF1400094E428749A89F00550A4E4287883F49D7
:10CF24002800560C4E4287889384C4261401570A5D
:10CF34004E428788D3E19300580E4E4287882421BD
:10CF4400D164248A8824590C4E4287882421D184B0
:10CF54003A015A0C4E428751269429CA84065B082A
:10CF6400DC3E87497F225C0C4E4287502A942A4A31
:10CF740085025D08DC3E07497F325E081E5A978CA5
:10CF840022125F060E3E87016007936287480061A4
:10CF94000A36420F5572A24C14620E4E4287508BD1
:10CFA40064422255281200630B36420F45445492C2
:10CFB4005000640B4E42A71609A5C43251650B36C6
:10CFC400420F4574184A2900660C4E42D748A228DD
:10CFD4002B09B501670D463ACF45D3484A11492874
:10CFE40000680B4E4287508B6442E224690ACC42AB
:10CFF4008F483AD285006A0C5D3A9FFA4C1B852211
:10D0040099006B0D4E4287508B8434234994046CF1
:10D0140008CC42C748BF106D09364247E5F05012AC
:10D024006E0A36428744322171126F0A36420F4526
:10D03400C4494201700D463A8744322155288A8AF0
:10D0440000710B463A8F8452A24C1435720A364250
:10D05400874432216A04730D36420F4524994A44A9
:10D06400120A00740C46428F5056126A114D007514
:10D074000936428788978902760B36428788494267
:10D08400A28900770C364287887438584211007898
:10D094000C364287484213CA282201790C463A8743
:10D0A40088CB449124A1007A083642874D47037BFC
:10D0B4000D5D3ED744A628198A648A037C074A4337
:10D0C400C703017D0E5D3EC750A6249C08652A2334
:10D0D400007E081D5A8FE4140100000004FFFF00C5
:10D0E400000000005F0002020404010405080A00B5
:10D0F400FE07FE08FF01380287038A20050051025B
:10D10400210771513254002207339992AC00230A4B
:10D1140055D3560D550D5501240C95CF9A57A5F2AC
:10D124004EAADA11250D771197918A6D9861974669
:10D1340009260B76F1A6635BCAA4E30A27053159D5
:10D14400322808938F9ACAEE022908938F92CBAEA5
:10D15400122A0955D55A55AB19012B0A55D39A51A0
:10D164001C32A3082C07326F9614002D0615D732F3
:10D17400042E051151122F0E77118F33CC30C30CAE
:10D1840033CC3013300B75D1B6B25C69EAB40031DC
:10D19400067271B67A320A75D1B67246B93D043355
:10D1A4000C75D1B6724651439D1600340C75D19E50
:10D1B400652AD3D0192500350C75D172A391614627
:10D1C4003A2D00360C75D1B6B24623659D1600374C
:10D1D4000D75D13234CA286794338A00380B75D15F
:10D1E400B6B24E2BEBB400390C75D1B6B24E232334
:10D1F4009D16003A06415312033B08626F96615232
:10D20400003C0753939AEA023D0835D532341C0298
:10D214003E07539392AB123F0B75D1B67246B9A633
:10D224002300401188313756C672A998544C72A411
:10D234004C8E05410A75D1B6B21E23DB01420C7532
:10D24400D13252D643653D1400430C75D1B6B24673
:10D25400196594D302440975D13252F61E0A450C5D
:10D2640075D172A38C46CA28A321460D75D172A329
:10D274008C46CA28A38C00470B75D1B6B24671EB15
:10D28400B400480975D192ED31B21D49067151724D
:10D29400044A0D75D18E32CA28A38C745A004B0BE4
:10D2A40075D192652A758A550E4C0D75D1925146E9
:10D2B4001965945146434D0E771193E15E958C1A8E
:10D2C4006AA861004E0A75D192F554496E1D4F0942
:10D2D40075D1B6B2775A00500D75D13252D6436526
:10D2E40094514600510985CFB6B277DA30520B75A6
:10D2F400D13252D64395550E530B75D1B6B2861B17
:10D30400EAB400540D75D13264461965945146113E
:10D31400550875D1927DA705560B75D192ED54A68B
:10D324009C5104570E771113A38C32CA28A3AC2C3A
:10D3340000580A75D19275AAAB5A07590C75D19247
:10D3440075AA33CA28A3085A0A75D13234CADD68CB
:10D35400085B08938F32629F035C0E771193A94C8C
:10D36400652A5399CA54005D08938F32FB1C015EF1
:10D374000735D99A531D5F0615D1320460063399D7
:10D38400920B610854B136A29906620A74B192F301
:10D394008AE64800630954B1A6A28E49016409745F
:10D3A400B15E8D68A601650954B1A6E2D84801664C
:10D3B400087271A6D2AA00670A74AD36A299765291
:10D3C40000680974B192F38ACE006907715192869C
:10D3D400006A08926D965397026B0A74B1924B954A
:10D3E400642A036C06715172046D0B5711B3548C8B
:10D3F40032CA280B6E0754B1B2A2336F0954B1A6D6
:10D40400A2991400700A74ADB2A23952CE00710907
:10D4140074AD36A299760172075391326213730781
:10D424005391B6F3027409739116D38A2D007507CC
:10D4340054B1129D69760854B1129D4901770B5776
:10D444001113A38C32CACA02780954B1126552511D
:10D4540006790974AD129D6927057A0954B13272AF
:10D464005279047B09938F9A6295631D7C06914FD0
:10D47400F2007D0A938F92639D6215017E0726F761
:10D48400262D0000000004FFFF0000005791000853
:10D494006D910008AF9100081815AF19FF00000046
:10D4A4001815AE19FF0000001815A115C819FF00C2
:10D4B4001815A015C019FF001815AE15D516A0151E
:10D4C400401520160215A115C815DA161215811675
:10D4D4006F15D916D315DB1620152E15A415A6190C
:10D4E400FF0000000001140A6464323200093D00A8
:10D4F4000004289610080000800040005245454E64
:10D5040054206D616C6C6F6320737563636565642F
:10D514006564002F6275696C642F676E752D746F76
:10D524006F6C732D666F722D73746D33325F31338C
:10D534002E332E72656C312E323032353035323323
:10D544002D303930302F7372632F6E65776C6962BA
:10D554002F6E65776C69622F6C6962632F737464D4
:10D564006C69622F72616E642E63002C2066756E86
:10D574006374696F6E3A2000617373657274696FC6
:10D584006E2022257322206661696C65643A2066E8
:10D59400696C6520222573222C206C696E65202518
:10D5A40064257325730A00232D302B2000686C4CEE
:10D5B40000656667454647003031323334353637C7
:10D5C40038394142434445460030313233343536EC
:0CD5D4003738396162636465660000004E
:04D5E0003501000809
:04D5E4001101000829
:10D5E800290000000CB200080CB400080CB60008B2
:10D5F8000CB800080CBA00080CBC000801000000B8
:10D60800CDCCCC3DCDCCCC3D01010100A28CD69235
:10D6180000127A0010000000010000000000000065
:10D62800030000001C0800204C000020000000003F
:10D638001C08002084080020EC08002000000000DE
:10D6480000000000000000000000000000000000D2
:10D6580000000000000000000000000000000000C2
:10D6680000000000000000000000000000000000B2
:08D678000000000000000000AA
:040000050800433D6F
:00000001FF
